# File Name: 1_AA_0858-0882_01.eds
# Comment: 
# Operator: DEFAULT
# Barcode: 
# Instrument Type: QuantStudio™ 1 System
# Block Type: 96-Well 0.2-mL Block
# Instrument Name: 2721220100840
# Instrument Serial Number: 2721220100840
# Heated Cover Serial Number: 
# Block Serial Number: 
# Run Start Date/Time: 2021-10-12 01:33:09 PM UTC
# Run End Date/Time: 2021-10-12 02:33:53 PM UTC
# Run Duration: 60 minutes 43 seconds
# Sample Volume: 20.0
# Cover Temperature: 105.0
# Passive Reference: ROX
# PCR Stage/Step Number: Stage 2 Step 2
# Quantification Cycle Method: CT
# Analysis Date/Time: 2021-10-12 01:36:43 PM UTC
# Software Name and Version: Design & Analysis Software v2.6.1
# Plugin Name and Version: Primary Analysis v1.7.0, Standard Curve v1.6.0
# Exported By: guest
# Exported On: 2021-10-12 01:46:23 PM UTC
"Well","Well Position","Omit","Sample","Target","Task","Reporter","Quencher","Amp Status","Amp Score","Curve Quality","Result Quality Issues","Cq","Cq Confidence","Cq Mean","Cq SD","Auto Threshold","Threshold","Auto Baseline","Baseline Start","Baseline End"
"1","A1","false","5x10_6","Standard Curve","STANDARD","FAM","None","Amp","1.347658829582809","","","18.572863242440953","0.9258414590828735","18.51958763990171","0.08034549142651172","true","0.1848965311939301","true","3","14"
"2","A2","false","5x10_6","Standard Curve","STANDARD","FAM","None","Amp","1.3507818401221887","","","18.558727347121405","0.9408928908965871","18.51958763990171","0.08034549142651172","true","0.1848965311939301","true","3","14"
"3","A3","false","5x10_6","Standard Curve","STANDARD","FAM","None","Amp","1.3634164596557505","","","18.427172330142774","0.9268337651173735","18.51958763990171","0.08034549142651172","true","0.1848965311939301","true","3","12"
"4","A4","false","AA_0858","Unknown","UNKNOWN","FAM","None","Amp","1.3526677981960507","","","34.18642440662549","0.9822708764696101","34.649435144074374","0.8110574404522599","true","0.10938253107615586","true","3","30"
"5","A5","false","AA_0858","Unknown","UNKNOWN","FAM","None","Amp","1.2489123454659616","","","35.58594403368966","0.9685716839327333","34.649435144074374","0.8110574404522599","true","0.10938253107615586","true","3","32"
"6","A6","false","AA_0858","Unknown","UNKNOWN","FAM","None","Amp","1.3695422501862704","","","34.175936991907975","0.9505713405263437","34.649435144074374","0.8110574404522599","true","0.10938253107615586","true","3","30"
"7","A7","false","AA_0867","Unknown","UNKNOWN","FAM","None","Amp","1.2831115371163173","","","32.7160832648956","0.9711873212418146","32.585616667550404","0.3193014272313171","true","0.10938253107615586","true","3","27"
"8","A8","false","AA_0867","Unknown","UNKNOWN","FAM","None","Amp","1.287382421460792","","","32.2217410214714","0.9807114794273256","32.585616667550404","0.3193014272313171","true","0.10938253107615586","true","3","27"
"9","A9","false","AA_0867","Unknown","UNKNOWN","FAM","None","Amp","1.2863364467155247","","","32.819025716284216","0.9767593975824692","32.585616667550404","0.3193014272313171","true","0.10938253107615586","true","3","28"
"10","A10","false","AA_0875","Unknown","UNKNOWN","FAM","None","No Amp","0.0","","","Undetermined","0.0","","","true","0.10938253107615586","true","3","39"
"11","A11","false","AA_0875","Unknown","UNKNOWN","FAM","None","No Amp","0.0","","","Undetermined","0.0","","","true","0.10938253107615586","true","3","39"
"12","A12","false","AA_0875","Unknown","UNKNOWN","FAM","None","No Amp","0.0","","","Undetermined","0.0","","","true","0.10938253107615586","true","3","39"
"13","B1","false","625.000","Standard Curve","STANDARD","FAM","None","Amp","1.4243457772563914","","","21.48084428990399","0.9926529088875166","21.5123384814729","0.10373242512777883","true","0.1848965311939301","true","3","16"
"14","B2","false","625.000","Standard Curve","STANDARD","FAM","None","Amp","1.4279501572960398","","","21.628168057971017","0.990573047511773","21.5123384814729","0.10373242512777883","true","0.1848965311939301","true","3","16"
"15","B3","false","625.000","Standard Curve","STANDARD","FAM","None","Amp","1.429050628668174","","","21.428003096543698","0.9888039704248996","21.5123384814729","0.10373242512777883","true","0.1848965311939301","true","3","13"
"16","B4","false","AA_0859","Unknown","UNKNOWN","FAM","None","No Amp","0.0","","","Undetermined","0.0","","","true","0.10938253107615586","true","3","39"
"17","B5","false","AA_0859","Unknown","UNKNOWN","FAM","None","No Amp","0.0","","","Undetermined","0.0","","","true","0.10938253107615586","true","3","39"
"18","B6","false","AA_0859","Unknown","UNKNOWN","FAM","None","No Amp","0.0","","","Undetermined","0.0","","","true","0.10938253107615586","true","3","39"
"19","B7","false","AA_0868","Unknown","UNKNOWN","FAM","None","No Amp","0.0","","","Undetermined","0.0","","","true","0.10938253107615586","true","3","39"
"20","B8","false","AA_0868","Unknown","UNKNOWN","FAM","None","No Amp","0.0","","","Undetermined","0.0","","","true","0.10938253107615586","true","3","39"
"21","B9","false","AA_0868","Unknown","UNKNOWN","FAM","None","No Amp","0.0","","","Undetermined","0.0","","","true","0.10938253107615586","true","3","39"
"22","B10","false","AA_0876","Unknown","UNKNOWN","FAM","None","No Amp","0.0","","","Undetermined","0.0","","","true","0.10938253107615586","true","3","39"
"23","B11","false","AA_0876","Unknown","UNKNOWN","FAM","None","No Amp","0.0","","","Undetermined","0.0","","","true","0.10938253107615586","true","3","39"
"24","B12","false","AA_0876","Unknown","UNKNOWN","FAM","None","No Amp","0.0","","","Undetermined","0.0","","","true","0.10938253107615586","true","3","39"
"25","C1","false","78.125","Standard Curve","STANDARD","FAM","None","Amp","1.4510021857922153","","","25.104952781165032","0.9754213712507365","24.97760821006334","0.1984656294551324","true","0.1848965311939301","true","3","20"
"26","C2","false","78.125","Standard Curve","STANDARD","FAM","None","Amp","1.4515902762757023","","","25.07893933730542","0.9891092669403027","24.97760821006334","0.1984656294551324","true","0.1848965311939301","true","3","19"
"27","C3","false","78.125","Standard Curve","STANDARD","FAM","None","Amp","1.4001853471938663","","","24.748932511719573","0.993736647614854","24.97760821006334","0.1984656294551324","true","0.1848965311939301","true","3","20"
"28","C4","false","AA_0860","Unknown","UNKNOWN","FAM","None","No Amp","0.0","","","Undetermined","0.0","","","true","0.10938253107615586","true","3","39"
"29","C5","false","AA_0860","Unknown","UNKNOWN","FAM","None","No Amp","0.0","","","Undetermined","0.0","","","true","0.10938253107615586","true","3","39"
"30","C6","false","AA_0860","Unknown","UNKNOWN","FAM","None","No Amp","0.7357867861696279","","","Undetermined","0.0","","","true","0.10938253107615586","true","3","35"
"31","C7","false","AA_0869","Unknown","UNKNOWN","FAM","None","No Amp","0.0","","","Undetermined","0.0","","","true","0.10938253107615586","true","3","39"
"32","C8","false","AA_0869","Unknown","UNKNOWN","FAM","None","No Amp","0.0","","","Undetermined","0.0","","","true","0.10938253107615586","true","3","39"
"33","C9","false","AA_0869","Unknown","UNKNOWN","FAM","None","No Amp","0.0","","","Undetermined","0.0","","","true","0.10938253107615586","true","3","39"
"34","C10","false","AA_0877","Unknown","UNKNOWN","FAM","None","No Amp","0.0","","","Undetermined","0.0","","","true","0.10938253107615586","true","3","39"
"35","C11","false","AA_0877","Unknown","UNKNOWN","FAM","None","No Amp","0.0","","","Undetermined","0.0","","","true","0.10938253107615586","true","3","39"
"36","C12","false","AA_0877","Unknown","UNKNOWN","FAM","None","No Amp","0.0","","","Undetermined","0.0","","","true","0.10938253107615586","true","3","39"
"37","D1","false","9765","Standard Curve","STANDARD","FAM","None","Amp","1.4358170885752097","","","28.67084089635945","0.9886576074334787","28.748221183707443","0.06974812755439716","true","0.1848965311939301","true","3","22"
"38","D2","false","9765","Standard Curve","STANDARD","FAM","None","Amp","1.4410817927521282","","","28.767571739881795","0.9917046938365484","28.748221183707443","0.06974812755439716","true","0.1848965311939301","true","3","24"
"39","D3","false","9765","Standard Curve","STANDARD","FAM","None","Amp","1.444510764657797","","","28.80625091488109","0.9873754301737032","28.748221183707443","0.06974812755439716","true","0.1848965311939301","true","3","24"
"40","D4","false","AA_0861","Unknown","UNKNOWN","FAM","None","No Amp","0.0","","","Undetermined","0.0","","","true","0.10938253107615586","true","3","39"
"41","D5","false","AA_0861","Unknown","UNKNOWN","FAM","None","No Amp","0.0","","","Undetermined","0.0","","","true","0.10938253107615586","true","3","39"
"42","D6","false","AA_0861","Unknown","UNKNOWN","FAM","None","No Amp","0.0","","","Undetermined","0.0","","","true","0.10938253107615586","true","3","39"
"43","D7","false","AA_0870","Unknown","UNKNOWN","FAM","None","Inconclusive","1.0438999889107112","","","37.252030087009686","0.956973663086416","36.21523734528913","0.9024535229434016","true","0.10938253107615586","true","3","33"
"44","D8","false","AA_0870","Unknown","UNKNOWN","FAM","None","Amp","1.2148565752940834","","","35.606187959533884","0.9491100532531719","36.21523734528913","0.9024535229434016","true","0.10938253107615586","true","3","30"
"45","D9","false","AA_0870","Unknown","UNKNOWN","FAM","None","Amp","1.2078820624651412","","","35.787493989323835","0.9621942291916176","36.21523734528913","0.9024535229434016","true","0.10938253107615586","true","3","30"
"46","D10","false","AA_0878","Unknown","UNKNOWN","FAM","None","No Amp","0.0","","","Undetermined","0.0","","","true","0.10938253107615586","true","3","39"
"47","D11","false","AA_0878","Unknown","UNKNOWN","FAM","None","No Amp","0.6573763303671506","","","Undetermined","0.0","","","true","0.10938253107615586","true","3","36"
"48","D12","false","AA_0878","Unknown","UNKNOWN","FAM","None","No Amp","0.0","","","Undetermined","0.0","","","true","0.10938253107615586","true","3","39"
"49","E1","false","1221","Standard Curve","STANDARD","FAM","None","Amp","1.4359415072169956","","","32.17085679466663","0.9825345189863579","32.08962110484918","0.2516769891527751","true","0.1848965311939301","true","3","28"
"50","E2","false","1221","Standard Curve","STANDARD","FAM","None","Amp","1.4317417560275265","","","31.807359143740378","0.9788519042685331","32.08962110484918","0.2516769891527751","true","0.1848965311939301","true","3","26"
"51","E3","false","1221","Standard Curve","STANDARD","FAM","None","Amp","1.4306977431578705","","","32.29064737614051","0.9794098717931413","32.08962110484918","0.2516769891527751","true","0.1848965311939301","true","3","26"
"52","E4","false","AA_0862","Unknown","UNKNOWN","FAM","None","No Amp","0.0","","","Undetermined","0.0","","","true","0.10938253107615586","true","3","39"
"53","E5","false","AA_0862","Unknown","UNKNOWN","FAM","None","No Amp","0.0","","","Undetermined","0.0","","","true","0.10938253107615586","true","3","39"
"54","E6","false","AA_0862","Unknown","UNKNOWN","FAM","None","Inconclusive","1.1764919720456035","","","36.41588508926148","0.9369236910677691","36.41588508926148","","true","0.10938253107615586","true","3","33"
"55","E7","false","AA_0871","Unknown","UNKNOWN","FAM","None","No Amp","0.0","","","Undetermined","0.0","","","true","0.10938253107615586","true","3","39"
"56","E8","false","AA_0871","Unknown","UNKNOWN","FAM","None","No Amp","0.0","","","Undetermined","0.0","","","true","0.10938253107615586","true","3","39"
"57","E9","false","AA_0871","Unknown","UNKNOWN","FAM","None","No Amp","0.0","","","Undetermined","0.0","","","true","0.10938253107615586","true","3","39"
"58","E10","false","AA_0879","Unknown","UNKNOWN","FAM","None","No Amp","0.0","","","Undetermined","0.0","","","true","0.10938253107615586","true","3","39"
"59","E11","false","AA_0879","Unknown","UNKNOWN","FAM","None","No Amp","0.0","","","Undetermined","0.0","","","true","0.10938253107615586","true","3","39"
"60","E12","false","AA_0879","Unknown","UNKNOWN","FAM","None","No Amp","0.0","","","Undetermined","0.0","","","true","0.10938253107615586","true","3","39"
"61","F1","false","153","Standard Curve","STANDARD","FAM","None","Amp","1.3243213108523106","","","34.8964800585027","0.9764441474530102","35.53334945548898","0.6228354541479567","true","0.1848965311939301","true","3","29"
"62","F2","false","153","Standard Curve","STANDARD","FAM","None","Amp","1.282899376494084","","","36.14113175001543","0.9466488894579926","35.53334945548898","0.6228354541479567","true","0.1848965311939301","true","3","31"
"63","F3","false","153","Standard Curve","STANDARD","FAM","None","Amp","1.2926436745065983","","","35.562436557948814","0.9670708980891715","35.53334945548898","0.6228354541479567","true","0.1848965311939301","true","3","30"
"64","F4","false","AA_0863","Unknown","UNKNOWN","FAM","None","No Amp","0.0","","","Undetermined","0.0","","","true","0.10938253107615586","true","3","39"
"65","F5","false","AA_0863","Unknown","UNKNOWN","FAM","None","No Amp","0.0","","","Undetermined","0.0","","","true","0.10938253107615586","true","3","39"
"66","F6","false","AA_0863","Unknown","UNKNOWN","FAM","None","No Amp","0.0","","","Undetermined","0.0","","","true","0.10938253107615586","true","3","39"
"67","F7","false","AA_0872","Unknown","UNKNOWN","FAM","None","No Amp","0.0","","","Undetermined","0.0","","","true","0.10938253107615586","true","3","39"
"68","F8","false","AA_0872","Unknown","UNKNOWN","FAM","None","No Amp","0.0","","","Undetermined","0.0","","","true","0.10938253107615586","true","3","39"
"69","F9","false","AA_0872","Unknown","UNKNOWN","FAM","None","No Amp","0.0","","","Undetermined","0.0","","","true","0.10938253107615586","true","3","39"
"70","F10","false","AA_0880","Unknown","UNKNOWN","FAM","None","No Amp","0.0","","","Undetermined","0.0","","","true","0.10938253107615586","true","3","39"
"71","F11","false","AA_0880","Unknown","UNKNOWN","FAM","None","No Amp","0.0","","","Undetermined","0.0","","","true","0.10938253107615586","true","3","39"
"72","F12","false","AA_0880","Unknown","UNKNOWN","FAM","None","No Amp","0.0","","","Undetermined","0.0","","","true","0.10938253107615586","true","3","39"
"73","G1","false","10","Standard Curve","STANDARD","FAM","None","No Amp","0.0","","","Undetermined","0.0","","","true","0.1848965311939301","true","3","39"
"74","G2","false","10","Standard Curve","STANDARD","FAM","None","Inconclusive","1.1110217618654408","","","37.56385560226204","0.9352304664956941","37.37914148701558","0.26122520694292983","true","0.1848965311939301","true","3","32"
"75","G3","false","10","Standard Curve","STANDARD","FAM","None","Inconclusive","1.1447802786026609","","","37.19442737176912","0.9348801798461777","37.37914148701558","0.26122520694292983","true","0.1848965311939301","true","3","32"
"76","G4","false","AA_0865","Unknown","UNKNOWN","FAM","None","Amp","1.1970227510484646","","","35.835872962782986","0.9447290993061818","35.394335899937886","0.6244277025661473","true","0.10938253107615586","true","3","31"
"77","G5","false","AA_0865","Unknown","UNKNOWN","FAM","None","Amp","1.257697469051492","","","34.952798837092786","0.9620807501989006","35.394335899937886","0.6244277025661473","true","0.10938253107615586","true","3","31"
"78","G6","false","AA_0865","Unknown","UNKNOWN","FAM","None","No Amp","0.0","","","Undetermined","0.0","","","true","0.10938253107615586","true","3","39"
"79","G7","false","AA_0873","Unknown","UNKNOWN","FAM","None","No Amp","0.0","","","Undetermined","0.0","","","true","0.10938253107615586","true","3","39"
"80","G8","false","AA_0873","Unknown","UNKNOWN","FAM","None","No Amp","0.0","","","Undetermined","0.0","","","true","0.10938253107615586","true","3","39"
"81","G9","false","AA_0873","Unknown","UNKNOWN","FAM","None","No Amp","0.0","","","Undetermined","0.0","","","true","0.10938253107615586","true","3","39"
"82","G10","false","AA_0881","Unknown","UNKNOWN","FAM","None","No Amp","0.0","","","Undetermined","0.0","","","true","0.10938253107615586","true","3","39"
"83","G11","false","AA_0881","Unknown","UNKNOWN","FAM","None","No Amp","0.0","","","Undetermined","0.0","","","true","0.10938253107615586","true","3","39"
"84","G12","false","AA_0881","Unknown","UNKNOWN","FAM","None","No Amp","0.0","","","Undetermined","0.0","","","true","0.10938253107615586","true","3","39"
"85","H1","false","NTC","NTC","NTC","FAM","None","No Amp","0.0","","","Undetermined","0.0","","","true","0.2","true","3","39"
"86","H2","false","NTC","NTC","NTC","FAM","None","No Amp","0.0","","","Undetermined","0.0","","","true","0.2","true","3","39"
"87","H3","false","NTC","NTC","NTC","FAM","None","No Amp","0.0","","","Undetermined","0.0","","","true","0.2","true","3","39"
"88","H4","false","AA_0866","Unknown","UNKNOWN","FAM","None","Amp","1.4224862707504227","","","31.595299498586897","0.9848389677442616","32.07908851746233","0.49462048002941933","true","0.10938253107615586","true","3","28"
"89","H5","false","AA_0866","Unknown","UNKNOWN","FAM","None","Amp","1.4223329644143203","","","32.058094156507906","0.9878081597467402","32.07908851746233","0.49462048002941933","true","0.10938253107615586","true","3","27"
"90","H6","false","AA_0866","Unknown","UNKNOWN","FAM","None","Amp","1.4129578991032494","","","32.583871897292184","0.9492630849343172","32.07908851746233","0.49462048002941933","true","0.10938253107615586","true","3","28"
"91","H7","false","AA_0874","Unknown","UNKNOWN","FAM","None","No Amp","0.0","","","Undetermined","0.0","","","true","0.10938253107615586","true","3","39"
"92","H8","false","AA_0874","Unknown","UNKNOWN","FAM","None","No Amp","0.0","","","Undetermined","0.0","","","true","0.10938253107615586","true","3","39"
"93","H9","false","AA_0874","Unknown","UNKNOWN","FAM","None","No Amp","0.0","","","Undetermined","0.0","","","true","0.10938253107615586","true","3","39"
"94","H10","false","AA_0882","Unknown","UNKNOWN","FAM","None","No Amp","0.0","","","Undetermined","0.0","","","true","0.10938253107615586","true","3","39"
"95","H11","false","AA_0882","Unknown","UNKNOWN","FAM","None","No Amp","0.0","","","Undetermined","0.0","","","true","0.10938253107615586","true","3","39"
"96","H12","false","AA_0882","Unknown","UNKNOWN","FAM","None","No Amp","0.0","","","Undetermined","0.0","","","true","0.10938253107615586","true","3","39"
