# File Name: 2_AA_0883-0914.eds
# Comment: 
# Operator: DEFAULT
# Barcode: 
# Instrument Type: QuantStudio™ 1 System
# Block Type: 96-Well 0.2-mL Block
# Instrument Name: 2721220100840
# Instrument Serial Number: 2721220100840
# Heated Cover Serial Number: 
# Block Serial Number: 
# Run Start Date/Time: 2021-10-12 04:33:06 PM UTC
# Run End Date/Time: 2021-10-12 05:33:44 PM UTC
# Run Duration: 60 minutes 37 seconds
# Sample Volume: 20.0
# Cover Temperature: 105.0
# Passive Reference: ROX
# PCR Stage/Step Number: Stage 2 Step 2
# Quantification Cycle Method: CT
# Analysis Date/Time: 2021-10-12 04:41:02 PM UTC
# Software Name and Version: Design & Analysis Software v2.6.1
# Plugin Name and Version: Primary Analysis v1.7.0, Standard Curve v1.6.0
# Exported By: guest
# Exported On: 2021-10-12 09:46:00 PM UTC
"Well","Well Position","Sample","Quantity","Target","Dye","Task","Reporter","Quencher","Amp Status","Cq","Cq Mean","Cq Confidence","Cq SD","Quantity Mean","Quantity SD","Auto Threshold","Threshold","Auto Baseline","Baseline Start","Baseline End","Tm1","Tm2","Tm3","Tm4","Y-Intercept","R2","Slope","Efficiency","Standard Deviation","Standard Error","Omit"
"1","A1","AA_0883","","Unknown","FAM","UNKNOWN","FAM","None","No Amp","Undetermined","","0.0","","","","true","0.0625138037451984","true","3","39","","","","","","","","","","","false"
"2","A2","AA_0883","","Unknown","FAM","UNKNOWN","FAM","None","No Amp","Undetermined","","0.0","","","","true","0.0625138037451984","true","3","39","","","","","","","","","","","false"
"3","A3","AA_0883","","Unknown","FAM","UNKNOWN","FAM","None","No Amp","Undetermined","","0.0","","","","true","0.0625138037451984","true","3","39","","","","","","","","","","","false"
"4","A4","AA_0891","","Unknown","FAM","UNKNOWN","FAM","None","No Amp","Undetermined","","0.0","","","","true","0.0625138037451984","true","3","39","","","","","","","","","","","false"
"5","A5","AA_0891","","Unknown","FAM","UNKNOWN","FAM","None","No Amp","Undetermined","","0.0","","","","true","0.0625138037451984","true","3","39","","","","","","","","","","","false"
"6","A6","AA_0891","","Unknown","FAM","UNKNOWN","FAM","None","No Amp","Undetermined","","0.0","","","","true","0.0625138037451984","true","3","39","","","","","","","","","","","false"
"7","A7","AA_0899","","Unknown","FAM","UNKNOWN","FAM","None","No Amp","Undetermined","","0.0","","","","true","0.0625138037451984","true","3","39","","","","","","","","","","","false"
"8","A8","AA_0899","","Unknown","FAM","UNKNOWN","FAM","None","No Amp","Undetermined","","0.0","","","","true","0.0625138037451984","true","3","39","","","","","","","","","","","false"
"9","A9","AA_0899","","Unknown","FAM","UNKNOWN","FAM","None","No Amp","Undetermined","","0.0","","","","true","0.0625138037451984","true","3","39","","","","","","","","","","","false"
"10","A10","AA_0907","","Unknown","FAM","UNKNOWN","FAM","None","No Amp","Undetermined","","0.0","","","","true","0.0625138037451984","true","3","39","","","","","","","","","","","false"
"11","A11","AA_0907","","Unknown","FAM","UNKNOWN","FAM","None","No Amp","Undetermined","","0.0","","","","true","0.0625138037451984","true","3","39","","","","","","","","","","","false"
"12","A12","AA_0907","","Unknown","FAM","UNKNOWN","FAM","None","No Amp","Undetermined","","0.0","","","","true","0.0625138037451984","true","3","39","","","","","","","","","","","false"
"13","B1","AA_0884","","Unknown","FAM","UNKNOWN","FAM","None","No Amp","Undetermined","","0.0","","","","true","0.0625138037451984","true","3","39","","","","","","","","","","","false"
"14","B2","AA_0884","","Unknown","FAM","UNKNOWN","FAM","None","No Amp","Undetermined","","0.0","","","","true","0.0625138037451984","true","3","39","","","","","","","","","","","false"
"15","B3","AA_0884","","Unknown","FAM","UNKNOWN","FAM","None","No Amp","Undetermined","","0.0","","","","true","0.0625138037451984","true","3","39","","","","","","","","","","","false"
"16","B4","AA_0892","","Unknown","FAM","UNKNOWN","FAM","None","No Amp","Undetermined","","0.0","","","","true","0.0625138037451984","true","3","39","","","","","","","","","","","false"
"17","B5","AA_0892","","Unknown","FAM","UNKNOWN","FAM","None","No Amp","Undetermined","","0.0","","","","true","0.0625138037451984","true","3","39","","","","","","","","","","","false"
"18","B6","AA_0892","","Unknown","FAM","UNKNOWN","FAM","None","No Amp","Undetermined","","0.0","","","","true","0.0625138037451984","true","3","39","","","","","","","","","","","false"
"19","B7","AA_0900","","Unknown","FAM","UNKNOWN","FAM","None","Amp","28.77343860168257","28.919984260635612","0.9698673937049199","0.1385871551048725","","","true","0.0625138037451984","true","3","24","","","","","","","","","","","false"
"20","B8","AA_0900","","Unknown","FAM","UNKNOWN","FAM","None","Amp","28.93758234771007","28.919984260635612","0.9688173826397818","0.1385871551048725","","","true","0.0625138037451984","true","3","25","","","","","","","","","","","false"
"21","B9","AA_0900","","Unknown","FAM","UNKNOWN","FAM","None","Amp","29.048931832514192","28.919984260635612","0.9845575412773502","0.1385871551048725","","","true","0.0625138037451984","true","3","24","","","","","","","","","","","false"
"22","B10","AA_0908","","Unknown","FAM","UNKNOWN","FAM","None","Amp","33.4540604428923","33.16754517397418","0.9547404221151888","0.3672021508428547","","","true","0.0625138037451984","true","3","29","","","","","","","","","","","false"
"23","B11","AA_0908","","Unknown","FAM","UNKNOWN","FAM","None","Amp","33.29497032450739","33.16754517397418","0.9836019528728898","0.3672021508428547","","","true","0.0625138037451984","true","3","30","","","","","","","","","","","false"
"24","B12","AA_0908","","Unknown","FAM","UNKNOWN","FAM","None","Amp","32.75360475452287","33.16754517397418","0.9739088006978729","0.3672021508428547","","","true","0.0625138037451984","true","3","29","","","","","","","","","","","false"
"25","C1","AA_0885","","Unknown","FAM","UNKNOWN","FAM","None","Amp","36.77657192444638","35.66994626776312","0.856111596554197","1.5650050121517007","","","true","0.0625138037451984","true","3","33","","","","","","","","","","","false"
"26","C2","AA_0885","","Unknown","FAM","UNKNOWN","FAM","None","Amp","34.563320611079874","35.66994626776312","0.9446937860678846","1.5650050121517007","","","true","0.0625138037451984","true","3","30","","","","","","","","","","","false"
"27","C3","AA_0885","","Unknown","FAM","UNKNOWN","FAM","None","No Amp","Undetermined","35.66994626776312","0.0","1.5650050121517007","","","true","0.0625138037451984","true","3","39","","","","","","","","","","","false"
"28","C4","AA_0893","","Unknown","FAM","UNKNOWN","FAM","None","No Amp","Undetermined","","0.0","","","","true","0.0625138037451984","true","3","39","","","","","","","","","","","false"
"29","C5","AA_0893","","Unknown","FAM","UNKNOWN","FAM","None","No Amp","Undetermined","","0.0","","","","true","0.0625138037451984","true","3","39","","","","","","","","","","","false"
"30","C6","AA_0893","","Unknown","FAM","UNKNOWN","FAM","None","No Amp","Undetermined","","0.0","","","","true","0.0625138037451984","true","3","39","","","","","","","","","","","false"
"31","C7","AA_0901","","Unknown","FAM","UNKNOWN","FAM","None","Amp","29.1443381429902","29.69420289030568","0.9756477439926576","0.4765345576039638","","","true","0.0625138037451984","true","3","26","","","","","","","","","","","false"
"32","C8","AA_0901","","Unknown","FAM","UNKNOWN","FAM","None","Amp","29.95119775200323","29.69420289030568","0.9641391205492543","0.4765345576039638","","","true","0.0625138037451984","true","3","27","","","","","","","","","","","false"
"33","C9","AA_0901","","Unknown","FAM","UNKNOWN","FAM","None","Amp","29.987072775923615","29.69420289030568","0.9740130375988393","0.4765345576039638","","","true","0.0625138037451984","true","3","25","","","","","","","","","","","false"
"34","C10","AA_0909","","Unknown","FAM","UNKNOWN","FAM","None","No Amp","Undetermined","","0.0","","","","true","0.0625138037451984","true","3","39","","","","","","","","","","","false"
"35","C11","AA_0909","","Unknown","FAM","UNKNOWN","FAM","None","No Amp","Undetermined","","0.0","","","","true","0.0625138037451984","true","3","39","","","","","","","","","","","false"
"36","C12","AA_0909","","Unknown","FAM","UNKNOWN","FAM","None","No Amp","Undetermined","","0.0","","","","true","0.0625138037451984","true","3","39","","","","","","","","","","","false"
"37","D1","AA_0886","","Unknown","FAM","UNKNOWN","FAM","None","No Amp","Undetermined","","0.0","","","","true","0.0625138037451984","true","3","39","","","","","","","","","","","false"
"38","D2","AA_0886","","Unknown","FAM","UNKNOWN","FAM","None","No Amp","Undetermined","","0.0","","","","true","0.0625138037451984","true","3","39","","","","","","","","","","","false"
"39","D3","AA_0886","","Unknown","FAM","UNKNOWN","FAM","None","No Amp","Undetermined","","0.0","","","","true","0.0625138037451984","true","3","39","","","","","","","","","","","false"
"40","D4","AA_0894","","Unknown","FAM","UNKNOWN","FAM","None","No Amp","Undetermined","","0.0","","","","true","0.0625138037451984","true","3","39","","","","","","","","","","","false"
"41","D5","AA_0894","","Unknown","FAM","UNKNOWN","FAM","None","No Amp","Undetermined","","0.0","","","","true","0.0625138037451984","true","3","39","","","","","","","","","","","false"
"42","D6","AA_0894","","Unknown","FAM","UNKNOWN","FAM","None","No Amp","Undetermined","","0.0","","","","true","0.0625138037451984","true","3","39","","","","","","","","","","","false"
"43","D7","AA_0902","","Unknown","FAM","UNKNOWN","FAM","None","Amp","32.44848011081744","32.47052870778942","0.9855375980333214","0.04669180508767471","","","true","0.0625138037451984","true","3","29","","","","","","","","","","","false"
"44","D8","AA_0902","","Unknown","FAM","UNKNOWN","FAM","None","Amp","32.43894409651412","32.47052870778942","0.9739274544329656","0.04669180508767471","","","true","0.0625138037451984","true","3","28","","","","","","","","","","","false"
"45","D9","AA_0902","","Unknown","FAM","UNKNOWN","FAM","None","Amp","32.52416191603669","32.47052870778942","0.9692621754739775","0.04669180508767471","","","true","0.0625138037451984","true","3","27","","","","","","","","","","","false"
"46","D10","AA_0910","","Unknown","FAM","UNKNOWN","FAM","None","No Amp","Undetermined","","0.0","","","","true","0.0625138037451984","true","3","39","","","","","","","","","","","false"
"47","D11","AA_0910","","Unknown","FAM","UNKNOWN","FAM","None","No Amp","Undetermined","","0.0","","","","true","0.0625138037451984","true","3","39","","","","","","","","","","","false"
"48","D12","AA_0910","","Unknown","FAM","UNKNOWN","FAM","None","No Amp","Undetermined","","0.0","","","","true","0.0625138037451984","true","3","39","","","","","","","","","","","false"
"49","E1","AA_0887","","Unknown","FAM","UNKNOWN","FAM","None","No Amp","Undetermined","37.11772509052954","0.0","","","","true","0.0625138037451984","true","3","39","","","","","","","","","","","false"
"50","E2","AA_0887","","Unknown","FAM","UNKNOWN","FAM","None","No Amp","Undetermined","37.11772509052954","0.0","","","","true","0.0625138037451984","true","3","39","","","","","","","","","","","false"
"51","E3","AA_0887","","Unknown","FAM","UNKNOWN","FAM","None","Amp","37.11772509052954","37.11772509052954","0.7361165042782634","","","","true","0.0625138037451984","true","3","34","","","","","","","","","","","false"
"52","E4","AA_0895","","Unknown","FAM","UNKNOWN","FAM","None","No Amp","Undetermined","","0.0","","","","true","0.0625138037451984","true","3","39","","","","","","","","","","","false"
"53","E5","AA_0895","","Unknown","FAM","UNKNOWN","FAM","None","No Amp","Undetermined","","0.0","","","","true","0.0625138037451984","true","3","39","","","","","","","","","","","false"
"54","E6","AA_0895","","Unknown","FAM","UNKNOWN","FAM","None","No Amp","Undetermined","","0.0","","","","true","0.0625138037451984","true","3","39","","","","","","","","","","","false"
"55","E7","AA_0903","","Unknown","FAM","UNKNOWN","FAM","None","Amp","33.25801275645347","33.564996234461724","0.9616273804332995","0.5552508922898447","","","true","0.0625138037451984","true","3","30","","","","","","","","","","","false"
"56","E8","AA_0903","","Unknown","FAM","UNKNOWN","FAM","None","Amp","34.20595531756332","33.564996234461724","0.9715879085196661","0.5552508922898447","","","true","0.0625138037451984","true","3","29","","","","","","","","","","","false"
"57","E9","AA_0903","","Unknown","FAM","UNKNOWN","FAM","None","Amp","33.23102062936839","33.564996234461724","0.9848386159839914","0.5552508922898447","","","true","0.0625138037451984","true","3","30","","","","","","","","","","","false"
"58","E10","AA_0911","","Unknown","FAM","UNKNOWN","FAM","None","Amp","33.65831247394159","33.922540638009146","0.9279039644277474","0.2938386320455438","","","true","0.0625138037451984","true","3","30","","","","","","","","","","","false"
"59","E11","AA_0911","","Unknown","FAM","UNKNOWN","FAM","None","Amp","34.238987977127806","33.922540638009146","0.9269407235549887","0.2938386320455438","","","true","0.0625138037451984","true","3","31","","","","","","","","","","","false"
"60","E12","AA_0911","","Unknown","FAM","UNKNOWN","FAM","None","Amp","33.870321462958046","33.922540638009146","0.9490089277154556","0.2938386320455438","","","true","0.0625138037451984","true","3","31","","","","","","","","","","","false"
"61","F1","AA_0888","","Unknown","FAM","UNKNOWN","FAM","None","No Amp","Undetermined","","0.0","","","","true","0.0625138037451984","true","3","39","","","","","","","","","","","false"
"62","F2","AA_0888","","Unknown","FAM","UNKNOWN","FAM","None","No Amp","Undetermined","","0.0","","","","true","0.0625138037451984","true","3","39","","","","","","","","","","","false"
"63","F3","AA_0888","","Unknown","FAM","UNKNOWN","FAM","None","No Amp","Undetermined","","0.0","","","","true","0.0625138037451984","true","3","39","","","","","","","","","","","false"
"64","F4","AA_0896","","Unknown","FAM","UNKNOWN","FAM","None","Amp","32.57639763305586","32.83071829479851","0.9338382096413216","0.2578738871809536","","","true","0.0625138037451984","true","3","30","","","","","","","","","","","false"
"65","F5","AA_0896","","Unknown","FAM","UNKNOWN","FAM","None","Amp","33.0920042848409","32.83071829479851","0.9304091867273921","0.2578738871809536","","","true","0.0625138037451984","true","3","29","","","","","","","","","","","false"
"66","F6","AA_0896","","Unknown","FAM","UNKNOWN","FAM","None","Amp","32.82375296649876","32.83071829479851","0.9749062526730965","0.2578738871809536","","","true","0.0625138037451984","true","3","29","","","","","","","","","","","false"
"67","F7","AA_0904","","Unknown","FAM","UNKNOWN","FAM","None","Inconclusive","39.82488533592233","39.82488533592233","0.0","","","","true","0.0625138037451984","true","3","35","","","","","","","","","","","false"
"68","F8","AA_0904","","Unknown","FAM","UNKNOWN","FAM","None","No Amp","Undetermined","39.82488533592233","0.0","","","","true","0.0625138037451984","true","3","39","","","","","","","","","","","false"
"69","F9","AA_0904","","Unknown","FAM","UNKNOWN","FAM","None","No Amp","Undetermined","39.82488533592233","0.0","","","","true","0.0625138037451984","true","3","39","","","","","","","","","","","false"
"70","F10","AA_0912","","Unknown","FAM","UNKNOWN","FAM","None","No Amp","Undetermined","","0.0","","","","true","0.0625138037451984","true","3","39","","","","","","","","","","","false"
"71","F11","AA_0912","","Unknown","FAM","UNKNOWN","FAM","None","No Amp","Undetermined","","0.0","","","","true","0.0625138037451984","true","3","39","","","","","","","","","","","false"
"72","F12","AA_0912","","Unknown","FAM","UNKNOWN","FAM","None","No Amp","Undetermined","","0.0","","","","true","0.0625138037451984","true","3","39","","","","","","","","","","","false"
"73","G1","AA_0889","","Unknown","FAM","UNKNOWN","FAM","None","No Amp","Undetermined","38.349871264653764","0.0","","","","true","0.0625138037451984","true","3","39","","","","","","","","","","","false"
"74","G2","AA_0889","","Unknown","FAM","UNKNOWN","FAM","None","No Amp","Undetermined","38.349871264653764","0.0","","","","true","0.0625138037451984","true","3","39","","","","","","","","","","","false"
"75","G3","AA_0889","","Unknown","FAM","UNKNOWN","FAM","None","Inconclusive","38.349871264653764","38.349871264653764","0.31865420298990704","","","","true","0.0625138037451984","true","3","35","","","","","","","","","","","false"
"76","G4","AA_0897","","Unknown","FAM","UNKNOWN","FAM","None","No Amp","Undetermined","34.864237226178105","0.0","1.1982443044622748","","","true","0.0625138037451984","true","3","39","","","","","","","","","","","false"
"77","G5","AA_0897","","Unknown","FAM","UNKNOWN","FAM","None","Amp","34.016950552974606","34.864237226178105","0.8937647515024278","1.1982443044622748","","","true","0.0625138037451984","true","3","30","","","","","","","","","","","false"
"78","G6","AA_0897","","Unknown","FAM","UNKNOWN","FAM","None","Amp","35.7115238993816","34.864237226178105","0.7674554943701187","1.1982443044622748","","","true","0.0625138037451984","true","3","33","","","","","","","","","","","false"
"79","G7","AA_0905","","Unknown","FAM","UNKNOWN","FAM","None","No Amp","Undetermined","","0.0","","","","true","0.0625138037451984","true","3","39","","","","","","","","","","","false"
"80","G8","AA_0905","","Unknown","FAM","UNKNOWN","FAM","None","No Amp","Undetermined","","0.0","","","","true","0.0625138037451984","true","3","39","","","","","","","","","","","false"
"81","G9","AA_0905","","Unknown","FAM","UNKNOWN","FAM","None","No Amp","Undetermined","","0.0","","","","true","0.0625138037451984","true","3","39","","","","","","","","","","","false"
"82","G10","AA_0913","","Unknown","FAM","UNKNOWN","FAM","None","Amp","34.74013345785035","34.79481337202828","0.9539857350716773","0.8961243004007177","","","true","0.0625138037451984","true","3","29","","","","","","","","","","","false"
"83","G11","AA_0913","","Unknown","FAM","UNKNOWN","FAM","None","Amp","33.927281080129774","34.79481337202828","0.9476988417310381","0.8961243004007177","","","true","0.0625138037451984","true","3","30","","","","","","","","","","","false"
"84","G12","AA_0913","","Unknown","FAM","UNKNOWN","FAM","None","Inconclusive","35.71702557810471","34.79481337202828","0.9474765781673998","0.8961243004007177","","","true","0.0625138037451984","true","3","32","","","","","","","","","","","false"
"85","H1","AA_0890","","Unknown","FAM","UNKNOWN","FAM","None","No Amp","Undetermined","37.17585538807545","0.0","1.4097063958250715","","","true","0.0625138037451984","true","3","39","","","","","","","","","","","false"
"86","H2","AA_0890","","Unknown","FAM","UNKNOWN","FAM","None","Amp","38.17266834004558","37.17585538807545","0.3753938502485109","1.4097063958250715","","","true","0.0625138037451984","true","3","36","","","","","","","","","","","false"
"87","H3","AA_0890","","Unknown","FAM","UNKNOWN","FAM","None","Amp","36.179042436105306","37.17585538807545","0.8958113117959784","1.4097063958250715","","","true","0.0625138037451984","true","3","32","","","","","","","","","","","false"
"88","H4","AA_0898","","Unknown","FAM","UNKNOWN","FAM","None","No Amp","Undetermined","","0.0","","","","true","0.0625138037451984","true","3","39","","","","","","","","","","","false"
"89","H5","AA_0898","","Unknown","FAM","UNKNOWN","FAM","None","No Amp","Undetermined","","0.0","","","","true","0.0625138037451984","true","3","39","","","","","","","","","","","false"
"90","H6","AA_0898","","Unknown","FAM","UNKNOWN","FAM","None","No Amp","Undetermined","","0.0","","","","true","0.0625138037451984","true","3","39","","","","","","","","","","","false"
"91","H7","AA_0906","","Unknown","FAM","UNKNOWN","FAM","None","No Amp","Undetermined","","0.0","","","","true","0.0625138037451984","true","3","39","","","","","","","","","","","false"
"92","H8","AA_0906","","Unknown","FAM","UNKNOWN","FAM","None","No Amp","Undetermined","","0.0","","","","true","0.0625138037451984","true","3","39","","","","","","","","","","","false"
"93","H9","AA_0906","","Unknown","FAM","UNKNOWN","FAM","None","No Amp","Undetermined","","0.0","","","","true","0.0625138037451984","true","3","39","","","","","","","","","","","false"
"94","H10","AA_0914","","Unknown","FAM","UNKNOWN","FAM","None","Amp","35.74313049959429","36.86516747576069","0.8764728851854252","1.7105676408868449","","","true","0.0625138037451984","true","3","32","","","","","","","","","","","false"
"95","H11","AA_0914","","Unknown","FAM","UNKNOWN","FAM","None","Inconclusive","38.83395598133098","36.86516747576069","0.07170562431354954","1.7105676408868449","","","true","0.0625138037451984","true","3","36","","","","","","","","","","","false"
"96","H12","AA_0914","","Unknown","FAM","UNKNOWN","FAM","None","Amp","36.018415946356825","36.86516747576069","0.9137025549267299","1.7105676408868449","","","true","0.0625138037451984","true","3","31","","","","","","","","","","","false"
