# File Name: 2_AA_0883-0914.eds
# Comment: 
# Operator: DEFAULT
# Barcode: 
# Instrument Type: QuantStudio™ 1 System
# Block Type: 96-Well 0.2-mL Block
# Instrument Name: 2721220100840
# Instrument Serial Number: 2721220100840
# Heated Cover Serial Number: 
# Block Serial Number: 
# Run Start Date/Time: 2021-10-12 04:33:06 PM UTC
# Run End Date/Time: 2021-10-12 05:33:44 PM UTC
# Run Duration: 60 minutes 37 seconds
# Sample Volume: 20.0
# Cover Temperature: 105.0
# Passive Reference: ROX
# PCR Stage/Step Number: Stage 2 Step 2
# Quantification Cycle Method: CT
# Analysis Date/Time: 2021-10-12 04:41:02 PM UTC
# Software Name and Version: Design & Analysis Software v2.6.1
# Plugin Name and Version: Primary Analysis v1.7.0, Standard Curve v1.6.0
# Exported By: guest
# Exported On: 2021-10-12 09:46:00 PM UTC
"Well","Well Position","Omit","Sample","Target","Task","Reporter","Quencher","Amp Status","Amp Score","Curve Quality","Result Quality Issues","Cq","Cq Confidence","Cq Mean","Cq SD","Auto Threshold","Threshold","Auto Baseline","Baseline Start","Baseline End"
"1","A1","false","AA_0883","Unknown","UNKNOWN","FAM","None","No Amp","0.0","","","Undetermined","0.0","","","true","0.0625138037451984","true","3","39"
"2","A2","false","AA_0883","Unknown","UNKNOWN","FAM","None","No Amp","0.0","","","Undetermined","0.0","","","true","0.0625138037451984","true","3","39"
"3","A3","false","AA_0883","Unknown","UNKNOWN","FAM","None","No Amp","0.0","","","Undetermined","0.0","","","true","0.0625138037451984","true","3","39"
"4","A4","false","AA_0891","Unknown","UNKNOWN","FAM","None","No Amp","0.0","","","Undetermined","0.0","","","true","0.0625138037451984","true","3","39"
"5","A5","false","AA_0891","Unknown","UNKNOWN","FAM","None","No Amp","0.0","","","Undetermined","0.0","","","true","0.0625138037451984","true","3","39"
"6","A6","false","AA_0891","Unknown","UNKNOWN","FAM","None","No Amp","0.0","","","Undetermined","0.0","","","true","0.0625138037451984","true","3","39"
"7","A7","false","AA_0899","Unknown","UNKNOWN","FAM","None","No Amp","0.0","","","Undetermined","0.0","","","true","0.0625138037451984","true","3","39"
"8","A8","false","AA_0899","Unknown","UNKNOWN","FAM","None","No Amp","0.0","","","Undetermined","0.0","","","true","0.0625138037451984","true","3","39"
"9","A9","false","AA_0899","Unknown","UNKNOWN","FAM","None","No Amp","0.0","","","Undetermined","0.0","","","true","0.0625138037451984","true","3","39"
"10","A10","false","AA_0907","Unknown","UNKNOWN","FAM","None","No Amp","0.0","","","Undetermined","0.0","","","true","0.0625138037451984","true","3","39"
"11","A11","false","AA_0907","Unknown","UNKNOWN","FAM","None","No Amp","0.0","","","Undetermined","0.0","","","true","0.0625138037451984","true","3","39"
"12","A12","false","AA_0907","Unknown","UNKNOWN","FAM","None","No Amp","0.0","","","Undetermined","0.0","","","true","0.0625138037451984","true","3","39"
"13","B1","false","AA_0884","Unknown","UNKNOWN","FAM","None","No Amp","0.0","","","Undetermined","0.0","","","true","0.0625138037451984","true","3","39"
"14","B2","false","AA_0884","Unknown","UNKNOWN","FAM","None","No Amp","0.0","","","Undetermined","0.0","","","true","0.0625138037451984","true","3","39"
"15","B3","false","AA_0884","Unknown","UNKNOWN","FAM","None","No Amp","0.0","","","Undetermined","0.0","","","true","0.0625138037451984","true","3","39"
"16","B4","false","AA_0892","Unknown","UNKNOWN","FAM","None","No Amp","0.0","","","Undetermined","0.0","","","true","0.0625138037451984","true","3","39"
"17","B5","false","AA_0892","Unknown","UNKNOWN","FAM","None","No Amp","0.0","","","Undetermined","0.0","","","true","0.0625138037451984","true","3","39"
"18","B6","false","AA_0892","Unknown","UNKNOWN","FAM","None","No Amp","0.0","","","Undetermined","0.0","","","true","0.0625138037451984","true","3","39"
"19","B7","false","AA_0900","Unknown","UNKNOWN","FAM","None","Amp","1.3684835047062243","","","28.77343860168257","0.9698673937049199","28.919984260635612","0.1385871551048725","true","0.0625138037451984","true","3","24"
"20","B8","false","AA_0900","Unknown","UNKNOWN","FAM","None","Amp","1.3700251302901738","","","28.93758234771007","0.9688173826397818","28.919984260635612","0.1385871551048725","true","0.0625138037451984","true","3","25"
"21","B9","false","AA_0900","Unknown","UNKNOWN","FAM","None","Amp","1.369343736952134","","","29.048931832514192","0.9845575412773502","28.919984260635612","0.1385871551048725","true","0.0625138037451984","true","3","24"
"22","B10","false","AA_0908","Unknown","UNKNOWN","FAM","None","Amp","1.3233164005719262","","","33.4540604428923","0.9547404221151888","33.16754517397418","0.3672021508428547","true","0.0625138037451984","true","3","29"
"23","B11","false","AA_0908","Unknown","UNKNOWN","FAM","None","Amp","1.3394235321930663","","","33.29497032450739","0.9836019528728898","33.16754517397418","0.3672021508428547","true","0.0625138037451984","true","3","30"
"24","B12","false","AA_0908","Unknown","UNKNOWN","FAM","None","Amp","1.3539689741305063","","","32.75360475452287","0.9739088006978729","33.16754517397418","0.3672021508428547","true","0.0625138037451984","true","3","29"
"25","C1","false","AA_0885","Unknown","UNKNOWN","FAM","None","Amp","0.9377346553081329","","","36.77657192444638","0.856111596554197","35.66994626776312","1.5650050121517007","true","0.0625138037451984","true","3","33"
"26","C2","false","AA_0885","Unknown","UNKNOWN","FAM","None","Amp","1.1522447666085052","","","34.563320611079874","0.9446937860678846","35.66994626776312","1.5650050121517007","true","0.0625138037451984","true","3","30"
"27","C3","false","AA_0885","Unknown","UNKNOWN","FAM","None","No Amp","0.0","","","Undetermined","0.0","","","true","0.0625138037451984","true","3","39"
"28","C4","false","AA_0893","Unknown","UNKNOWN","FAM","None","No Amp","0.0","","","Undetermined","0.0","","","true","0.0625138037451984","true","3","39"
"29","C5","false","AA_0893","Unknown","UNKNOWN","FAM","None","No Amp","0.0","","","Undetermined","0.0","","","true","0.0625138037451984","true","3","39"
"30","C6","false","AA_0893","Unknown","UNKNOWN","FAM","None","No Amp","0.0","","","Undetermined","0.0","","","true","0.0625138037451984","true","3","39"
"31","C7","false","AA_0901","Unknown","UNKNOWN","FAM","None","Amp","1.3795411641219264","","","29.1443381429902","0.9756477439926576","29.69420289030568","0.4765345576039638","true","0.0625138037451984","true","3","26"
"32","C8","false","AA_0901","Unknown","UNKNOWN","FAM","None","Amp","1.3768995098112768","","","29.95119775200323","0.9641391205492543","29.69420289030568","0.4765345576039638","true","0.0625138037451984","true","3","27"
"33","C9","false","AA_0901","Unknown","UNKNOWN","FAM","None","Amp","1.374841524188024","","","29.987072775923615","0.9740130375988393","29.69420289030568","0.4765345576039638","true","0.0625138037451984","true","3","25"
"34","C10","false","AA_0909","Unknown","UNKNOWN","FAM","None","No Amp","0.0","","","Undetermined","0.0","","","true","0.0625138037451984","true","3","39"
"35","C11","false","AA_0909","Unknown","UNKNOWN","FAM","None","No Amp","0.0","","","Undetermined","0.0","","","true","0.0625138037451984","true","3","39"
"36","C12","false","AA_0909","Unknown","UNKNOWN","FAM","None","No Amp","0.0","","","Undetermined","0.0","","","true","0.0625138037451984","true","3","39"
"37","D1","false","AA_0886","Unknown","UNKNOWN","FAM","None","No Amp","0.0","","","Undetermined","0.0","","","true","0.0625138037451984","true","3","39"
"38","D2","false","AA_0886","Unknown","UNKNOWN","FAM","None","No Amp","0.0","","","Undetermined","0.0","","","true","0.0625138037451984","true","3","39"
"39","D3","false","AA_0886","Unknown","UNKNOWN","FAM","None","No Amp","0.0","","","Undetermined","0.0","","","true","0.0625138037451984","true","3","39"
"40","D4","false","AA_0894","Unknown","UNKNOWN","FAM","None","No Amp","0.0","","","Undetermined","0.0","","","true","0.0625138037451984","true","3","39"
"41","D5","false","AA_0894","Unknown","UNKNOWN","FAM","None","No Amp","0.0","","","Undetermined","0.0","","","true","0.0625138037451984","true","3","39"
"42","D6","false","AA_0894","Unknown","UNKNOWN","FAM","None","No Amp","0.0","","","Undetermined","0.0","","","true","0.0625138037451984","true","3","39"
"43","D7","false","AA_0902","Unknown","UNKNOWN","FAM","None","Amp","1.3649803701650076","","","32.44848011081744","0.9855375980333214","32.47052870778942","0.04669180508767471","true","0.0625138037451984","true","3","29"
"44","D8","false","AA_0902","Unknown","UNKNOWN","FAM","None","Amp","1.350901768807935","","","32.43894409651412","0.9739274544329656","32.47052870778942","0.04669180508767471","true","0.0625138037451984","true","3","28"
"45","D9","false","AA_0902","Unknown","UNKNOWN","FAM","None","Amp","1.3592406489833972","","","32.52416191603669","0.9692621754739775","32.47052870778942","0.04669180508767471","true","0.0625138037451984","true","3","27"
"46","D10","false","AA_0910","Unknown","UNKNOWN","FAM","None","No Amp","0.0","","","Undetermined","0.0","","","true","0.0625138037451984","true","3","39"
"47","D11","false","AA_0910","Unknown","UNKNOWN","FAM","None","No Amp","0.0","","","Undetermined","0.0","","","true","0.0625138037451984","true","3","39"
"48","D12","false","AA_0910","Unknown","UNKNOWN","FAM","None","No Amp","0.0","","","Undetermined","0.0","","","true","0.0625138037451984","true","3","39"
"49","E1","false","AA_0887","Unknown","UNKNOWN","FAM","None","No Amp","0.7459388451659539","","","Undetermined","0.0","","","true","0.0625138037451984","true","3","39"
"50","E2","false","AA_0887","Unknown","UNKNOWN","FAM","None","No Amp","0.0","","","Undetermined","0.0","","","true","0.0625138037451984","true","3","39"
"51","E3","false","AA_0887","Unknown","UNKNOWN","FAM","None","Amp","0.9332701787925272","","","37.11772509052954","0.7361165042782634","37.11772509052954","","true","0.0625138037451984","true","3","34"
"52","E4","false","AA_0895","Unknown","UNKNOWN","FAM","None","No Amp","0.0","","","Undetermined","0.0","","","true","0.0625138037451984","true","3","39"
"53","E5","false","AA_0895","Unknown","UNKNOWN","FAM","None","No Amp","0.0","","","Undetermined","0.0","","","true","0.0625138037451984","true","3","39"
"54","E6","false","AA_0895","Unknown","UNKNOWN","FAM","None","No Amp","0.0","","","Undetermined","0.0","","","true","0.0625138037451984","true","3","39"
"55","E7","false","AA_0903","Unknown","UNKNOWN","FAM","None","Amp","1.3457008516806963","","","33.25801275645347","0.9616273804332995","33.564996234461724","0.5552508922898447","true","0.0625138037451984","true","3","30"
"56","E8","false","AA_0903","Unknown","UNKNOWN","FAM","None","Amp","1.2518266840089933","","","34.20595531756332","0.9715879085196661","33.564996234461724","0.5552508922898447","true","0.0625138037451984","true","3","29"
"57","E9","false","AA_0903","Unknown","UNKNOWN","FAM","None","Amp","1.3391758030020606","","","33.23102062936839","0.9848386159839914","33.564996234461724","0.5552508922898447","true","0.0625138037451984","true","3","30"
"58","E10","false","AA_0911","Unknown","UNKNOWN","FAM","None","Amp","1.3214114178078626","","","33.65831247394159","0.9279039644277474","33.922540638009146","0.2938386320455438","true","0.0625138037451984","true","3","30"
"59","E11","false","AA_0911","Unknown","UNKNOWN","FAM","None","Amp","1.2882536237178133","","","34.238987977127806","0.9269407235549887","33.922540638009146","0.2938386320455438","true","0.0625138037451984","true","3","31"
"60","E12","false","AA_0911","Unknown","UNKNOWN","FAM","None","Amp","1.2641153964138176","","","33.870321462958046","0.9490089277154556","33.922540638009146","0.2938386320455438","true","0.0625138037451984","true","3","31"
"61","F1","false","AA_0888","Unknown","UNKNOWN","FAM","None","No Amp","0.0","","","Undetermined","0.0","","","true","0.0625138037451984","true","3","39"
"62","F2","false","AA_0888","Unknown","UNKNOWN","FAM","None","No Amp","0.0","","","Undetermined","0.0","","","true","0.0625138037451984","true","3","39"
"63","F3","false","AA_0888","Unknown","UNKNOWN","FAM","None","No Amp","0.0","","","Undetermined","0.0","","","true","0.0625138037451984","true","3","39"
"64","F4","false","AA_0896","Unknown","UNKNOWN","FAM","None","Amp","1.3394291446379398","","","32.57639763305586","0.9338382096413216","32.83071829479851","0.2578738871809536","true","0.0625138037451984","true","3","30"
"65","F5","false","AA_0896","Unknown","UNKNOWN","FAM","None","Amp","1.2943524459917475","","","33.0920042848409","0.9304091867273921","32.83071829479851","0.2578738871809536","true","0.0625138037451984","true","3","29"
"66","F6","false","AA_0896","Unknown","UNKNOWN","FAM","None","Amp","1.3193448477177712","","","32.82375296649876","0.9749062526730965","32.83071829479851","0.2578738871809536","true","0.0625138037451984","true","3","29"
"67","F7","false","AA_0904","Unknown","UNKNOWN","FAM","None","Inconclusive","0.6829183117630386","","","39.82488533592233","0.0","39.82488533592233","","true","0.0625138037451984","true","3","35"
"68","F8","false","AA_0904","Unknown","UNKNOWN","FAM","None","No Amp","0.0","","","Undetermined","0.0","","","true","0.0625138037451984","true","3","39"
"69","F9","false","AA_0904","Unknown","UNKNOWN","FAM","None","No Amp","0.0","","","Undetermined","0.0","","","true","0.0625138037451984","true","3","39"
"70","F10","false","AA_0912","Unknown","UNKNOWN","FAM","None","No Amp","0.0","","","Undetermined","0.0","","","true","0.0625138037451984","true","3","39"
"71","F11","false","AA_0912","Unknown","UNKNOWN","FAM","None","No Amp","0.0","","","Undetermined","0.0","","","true","0.0625138037451984","true","3","39"
"72","F12","false","AA_0912","Unknown","UNKNOWN","FAM","None","No Amp","0.0","","","Undetermined","0.0","","","true","0.0625138037451984","true","3","39"
"73","G1","false","AA_0889","Unknown","UNKNOWN","FAM","None","No Amp","0.5725030253078016","","","Undetermined","0.0","","","true","0.0625138037451984","true","3","39"
"74","G2","false","AA_0889","Unknown","UNKNOWN","FAM","None","No Amp","0.0","","","Undetermined","0.0","","","true","0.0625138037451984","true","3","39"
"75","G3","false","AA_0889","Unknown","UNKNOWN","FAM","None","Inconclusive","0.8291821836862533","","","38.349871264653764","0.31865420298990704","38.349871264653764","","true","0.0625138037451984","true","3","35"
"76","G4","false","AA_0897","Unknown","UNKNOWN","FAM","None","No Amp","0.0","","","Undetermined","0.0","","","true","0.0625138037451984","true","3","39"
"77","G5","false","AA_0897","Unknown","UNKNOWN","FAM","None","Amp","1.2538078966122368","","","34.016950552974606","0.8937647515024278","34.864237226178105","1.1982443044622748","true","0.0625138037451984","true","3","30"
"78","G6","false","AA_0897","Unknown","UNKNOWN","FAM","None","Amp","1.0727078641237382","","","35.7115238993816","0.7674554943701187","34.864237226178105","1.1982443044622748","true","0.0625138037451984","true","3","33"
"79","G7","false","AA_0905","Unknown","UNKNOWN","FAM","None","No Amp","0.0","","","Undetermined","0.0","","","true","0.0625138037451984","true","3","39"
"80","G8","false","AA_0905","Unknown","UNKNOWN","FAM","None","No Amp","0.0","","","Undetermined","0.0","","","true","0.0625138037451984","true","3","39"
"81","G9","false","AA_0905","Unknown","UNKNOWN","FAM","None","No Amp","0.0","","","Undetermined","0.0","","","true","0.0625138037451984","true","3","39"
"82","G10","false","AA_0913","Unknown","UNKNOWN","FAM","None","Amp","1.2466049291939991","","","34.74013345785035","0.9539857350716773","34.79481337202828","0.8961243004007177","true","0.0625138037451984","true","3","29"
"83","G11","false","AA_0913","Unknown","UNKNOWN","FAM","None","Amp","1.241175959084817","","","33.927281080129774","0.9476988417310381","34.79481337202828","0.8961243004007177","true","0.0625138037451984","true","3","30"
"84","G12","false","AA_0913","Unknown","UNKNOWN","FAM","None","Inconclusive","1.1189984833432691","","","35.71702557810471","0.9474765781673998","34.79481337202828","0.8961243004007177","true","0.0625138037451984","true","3","32"
"85","H1","false","AA_0890","Unknown","UNKNOWN","FAM","None","No Amp","0.0","","","Undetermined","0.0","","","true","0.0625138037451984","true","3","39"
"86","H2","false","AA_0890","Unknown","UNKNOWN","FAM","None","Amp","0.7790404167111473","","","38.17266834004558","0.3753938502485109","37.17585538807545","1.4097063958250715","true","0.0625138037451984","true","3","36"
"87","H3","false","AA_0890","Unknown","UNKNOWN","FAM","None","Amp","1.0379519222169462","","","36.179042436105306","0.8958113117959784","37.17585538807545","1.4097063958250715","true","0.0625138037451984","true","3","32"
"88","H4","false","AA_0898","Unknown","UNKNOWN","FAM","None","No Amp","0.0","","","Undetermined","0.0","","","true","0.0625138037451984","true","3","39"
"89","H5","false","AA_0898","Unknown","UNKNOWN","FAM","None","No Amp","0.0","","","Undetermined","0.0","","","true","0.0625138037451984","true","3","39"
"90","H6","false","AA_0898","Unknown","UNKNOWN","FAM","None","No Amp","0.0","","","Undetermined","0.0","","","true","0.0625138037451984","true","3","39"
"91","H7","false","AA_0906","Unknown","UNKNOWN","FAM","None","No Amp","0.0","","","Undetermined","0.0","","","true","0.0625138037451984","true","3","39"
"92","H8","false","AA_0906","Unknown","UNKNOWN","FAM","None","No Amp","0.0","","","Undetermined","0.0","","","true","0.0625138037451984","true","3","39"
"93","H9","false","AA_0906","Unknown","UNKNOWN","FAM","None","No Amp","0.0","","","Undetermined","0.0","","","true","0.0625138037451984","true","3","39"
"94","H10","false","AA_0914","Unknown","UNKNOWN","FAM","None","Amp","1.0470360748712835","","","35.74313049959429","0.8764728851854252","36.86516747576069","1.7105676408868449","true","0.0625138037451984","true","3","32"
"95","H11","false","AA_0914","Unknown","UNKNOWN","FAM","None","Inconclusive","0.7775205239032259","","","38.83395598133098","0.07170562431354954","36.86516747576069","1.7105676408868449","true","0.0625138037451984","true","3","36"
"96","H12","false","AA_0914","Unknown","UNKNOWN","FAM","None","Amp","1.0520554473209027","","","36.018415946356825","0.9137025549267299","36.86516747576069","1.7105676408868449","true","0.0625138037451984","true","3","31"
