# File Name: Plate 1 noQuench.eds
# Comment: 
# Operator: DEFAULT
# Barcode: 
# Instrument Type: QuantStudio™ 1 System
# Block Type: 96-Well 0.2-mL Block
# Instrument Name: 2721220100840
# Instrument Serial Number: 2721220100840
# Heated Cover Serial Number: 
# Block Serial Number: 
# Run Start Date/Time: 2021-03-08 01:14:55 PM UTC
# Run End Date/Time: 2021-03-08 02:16:07 PM UTC
# Run Duration: 61 minutes 11 seconds
# Sample Volume: 20.0
# Cover Temperature: 105.0
# Passive Reference: ROX
# PCR Stage/Step Number: Stage 2 Step 2
# Quantification Cycle Method: CT
# Analysis Date/Time: 2021-03-09 02:01:55 PM UTC
# Software Name and Version: Design & Analysis Software v2.5.0
# Plugin Name and Version: Primary Analysis v1.5.0, Standard Curve v1.5.0
# Exported By: guest
# Exported On: 2021-03-09 02:03:59 PM UTC
"Well","Well Position","Sample","Quantity","Target","Dye","Task","Reporter","Quencher","Amp Status","Cq","Cq Mean","Cq Confidence","Cq SD","Quantity Mean","Quantity SD","Auto Threshold","Threshold","Auto Baseline","Baseline Start","Baseline End","Tm1","Tm2","Tm3","Tm4","Y-Intercept","R2","Slope","Efficiency","Standard Deviation","Standard Error","Omit"
"4","A4","AA_0695","","Unknown","FAM","UNKNOWN","FAM","None","No Amp","Undetermined","","0.0","","","","true","0.2693801997103071","true","3","39","","","","","","","","","","","false"
"5","A5","AA_0695","","Unknown","FAM","UNKNOWN","FAM","None","No Amp","Undetermined","","0.0","","","","true","0.2693801997103071","true","3","39","","","","","","","","","","","false"
"6","A6","AA_0695","","Unknown","FAM","UNKNOWN","FAM","None","No Amp","Undetermined","","0.0","","","","true","0.2693801997103071","true","3","39","","","","","","","","","","","false"
"7","A7","AA_0853","","Unknown","FAM","UNKNOWN","FAM","None","No Amp","Undetermined","","0.0","","","","true","0.2693801997103071","true","3","39","","","","","","","","","","","false"
"8","A8","AA_0853","","Unknown","FAM","UNKNOWN","FAM","None","No Amp","Undetermined","","0.0","","","","true","0.2693801997103071","true","3","39","","","","","","","","","","","false"
"9","A9","AA_0853","","Unknown","FAM","UNKNOWN","FAM","None","No Amp","Undetermined","","0.0","","","","true","0.2693801997103071","true","3","39","","","","","","","","","","","false"
"10","A10","AA_0769","","Unknown","FAM","UNKNOWN","FAM","None","No Amp","Undetermined","","0.0","","","","true","0.2693801997103071","true","3","39","","","","","","","","","","","false"
"11","A11","AA_0769","","Unknown","FAM","UNKNOWN","FAM","None","No Amp","Undetermined","","0.0","","","","true","0.2693801997103071","true","3","39","","","","","","","","","","","false"
"12","A12","AA_0769","","Unknown","FAM","UNKNOWN","FAM","None","No Amp","Undetermined","","0.0","","","","true","0.2693801997103071","true","3","39","","","","","","","","","","","false"
"16","B4","AA_0847","","Unknown","FAM","UNKNOWN","FAM","None","No Amp","Undetermined","","0.0","","","","true","0.2693801997103071","true","3","39","","","","","","","","","","","false"
"17","B5","AA_0847","","Unknown","FAM","UNKNOWN","FAM","None","No Amp","Undetermined","","0.0","","","","true","0.2693801997103071","true","3","39","","","","","","","","","","","false"
"18","B6","AA_0847","","Unknown","FAM","UNKNOWN","FAM","None","No Amp","Undetermined","","0.0","","","","true","0.2693801997103071","true","3","39","","","","","","","","","","","false"
"19","B7","AA_0686","","Unknown","FAM","UNKNOWN","FAM","None","No Amp","Undetermined","","0.0","","","","true","0.2693801997103071","true","3","39","","","","","","","","","","","false"
"20","B8","AA_0686","","Unknown","FAM","UNKNOWN","FAM","None","No Amp","Undetermined","","0.0","","","","true","0.2693801997103071","true","3","39","","","","","","","","","","","false"
"21","B9","AA_0686","","Unknown","FAM","UNKNOWN","FAM","None","No Amp","Undetermined","","0.0","","","","true","0.2693801997103071","true","3","39","","","","","","","","","","","false"
"22","B10","AA_0805","","Unknown","FAM","UNKNOWN","FAM","None","Amp","29.75638787324","29.69693808284048","0.9741120155095698","0.07284465896335587","","","true","0.2693801997103071","true","3","24","","","","","","","","","","","false"
"23","B11","AA_0805","","Unknown","FAM","UNKNOWN","FAM","None","Amp","29.615680322828098","29.69693808284048","0.9766614281614499","0.07284465896335587","","","true","0.2693801997103071","true","3","24","","","","","","","","","","","false"
"24","B12","AA_0805","","Unknown","FAM","UNKNOWN","FAM","None","Amp","29.718746052453334","29.69693808284048","0.9792358602978608","0.07284465896335587","","","true","0.2693801997103071","true","3","23","","","","","","","","","","","false"
"28","C4","AA_0700","","Unknown","FAM","UNKNOWN","FAM","None","No Amp","Undetermined","","0.0","","","","true","0.2693801997103071","true","3","39","","","","","","","","","","","false"
"29","C5","AA_0700","","Unknown","FAM","UNKNOWN","FAM","None","No Amp","Undetermined","","0.0","","","","true","0.2693801997103071","true","3","39","","","","","","","","","","","false"
"30","C6","AA_0700","","Unknown","FAM","UNKNOWN","FAM","None","No Amp","Undetermined","","0.0","","","","true","0.2693801997103071","true","3","39","","","","","","","","","","","false"
"31","C7","AA_0808","","Unknown","FAM","UNKNOWN","FAM","None","No Amp","Undetermined","","0.0","","","","true","0.2693801997103071","true","3","39","","","","","","","","","","","false"
"32","C8","AA_0808","","Unknown","FAM","UNKNOWN","FAM","None","No Amp","Undetermined","","0.0","","","","true","0.2693801997103071","true","3","39","","","","","","","","","","","false"
"33","C9","AA_0808","","Unknown","FAM","UNKNOWN","FAM","None","No Amp","Undetermined","","0.0","","","","true","0.2693801997103071","true","3","39","","","","","","","","","","","false"
"34","C10","AA_0725","","Unknown","FAM","UNKNOWN","FAM","None","No Amp","Undetermined","","0.0","","","","true","0.2693801997103071","true","3","39","","","","","","","","","","","false"
"35","C11","AA_0725","","Unknown","FAM","UNKNOWN","FAM","None","No Amp","Undetermined","","0.0","","","","true","0.2693801997103071","true","3","39","","","","","","","","","","","false"
"36","C12","AA_0725","","Unknown","FAM","UNKNOWN","FAM","None","No Amp","Undetermined","","0.0","","","","true","0.2693801997103071","true","3","39","","","","","","","","","","","false"
"40","D4","AA_0759","","Unknown","FAM","UNKNOWN","FAM","None","Amp","30.77330415853362","30.713139777365473","0.9795245991824255","0.055316002862624496","","","true","0.2693801997103071","true","3","25","","","","","","","","","","","false"
"41","D5","AA_0759","","Unknown","FAM","UNKNOWN","FAM","None","Amp","30.701632989906656","30.713139777365473","0.9805887498341906","0.055316002862624496","","","true","0.2693801997103071","true","3","25","","","","","","","","","","","false"
"42","D6","AA_0759","","Unknown","FAM","UNKNOWN","FAM","None","Amp","30.664482183656155","30.713139777365473","0.9803015687321723","0.055316002862624496","","","true","0.2693801997103071","true","3","25","","","","","","","","","","","false"
"43","D7","AA_0715","","Unknown","FAM","UNKNOWN","FAM","None","No Amp","Undetermined","","0.0","","","","true","0.2693801997103071","true","3","39","","","","","","","","","","","false"
"44","D8","AA_0715","","Unknown","FAM","UNKNOWN","FAM","None","No Amp","Undetermined","","0.0","","","","true","0.2693801997103071","true","3","39","","","","","","","","","","","false"
"45","D9","AA_0715","","Unknown","FAM","UNKNOWN","FAM","None","No Amp","Undetermined","","0.0","","","","true","0.2693801997103071","true","3","39","","","","","","","","","","","false"
"46","D10","AA_0687","","Unknown","FAM","UNKNOWN","FAM","None","No Amp","Undetermined","","0.0","","","","true","0.2693801997103071","true","3","39","","","","","","","","","","","false"
"47","D11","AA_0687","","Unknown","FAM","UNKNOWN","FAM","None","No Amp","Undetermined","","0.0","","","","true","0.2693801997103071","true","3","39","","","","","","","","","","","false"
"48","D12","AA_0687","","Unknown","FAM","UNKNOWN","FAM","None","No Amp","Undetermined","","0.0","","","","true","0.2693801997103071","true","3","39","","","","","","","","","","","false"
"52","E4","AA_0770","","Unknown","FAM","UNKNOWN","FAM","None","No Amp","Undetermined","","0.0","","","","true","0.2693801997103071","true","3","39","","","","","","","","","","","false"
"53","E5","AA_0770","","Unknown","FAM","UNKNOWN","FAM","None","No Amp","Undetermined","","0.0","","","","true","0.2693801997103071","true","3","39","","","","","","","","","","","false"
"54","E6","AA_0770","","Unknown","FAM","UNKNOWN","FAM","None","No Amp","Undetermined","","0.0","","","","true","0.2693801997103071","true","3","39","","","","","","","","","","","false"
"55","E7","AA_0741","","Unknown","FAM","UNKNOWN","FAM","None","No Amp","Undetermined","","0.0","","","","true","0.2693801997103071","true","3","39","","","","","","","","","","","false"
"56","E8","AA_0741","","Unknown","FAM","UNKNOWN","FAM","None","No Amp","Undetermined","","0.0","","","","true","0.2693801997103071","true","3","36","","","","","","","","","","","false"
"57","E9","AA_0741","","Unknown","FAM","UNKNOWN","FAM","None","No Amp","Undetermined","","0.0","","","","true","0.2693801997103071","true","3","39","","","","","","","","","","","false"
"58","E10","AA_0789","","Unknown","FAM","UNKNOWN","FAM","None","No Amp","Undetermined","","0.0","","","","true","0.2693801997103071","true","3","39","","","","","","","","","","","false"
"59","E11","AA_0789","","Unknown","FAM","UNKNOWN","FAM","None","No Amp","Undetermined","","0.0","","","","true","0.2693801997103071","true","3","39","","","","","","","","","","","false"
"60","E12","AA_0789","","Unknown","FAM","UNKNOWN","FAM","None","No Amp","Undetermined","","0.0","","","","true","0.2693801997103071","true","3","39","","","","","","","","","","","false"
"64","F4","AA_0682","","Unknown","FAM","UNKNOWN","FAM","None","No Amp","Undetermined","","0.0","","","","true","0.2693801997103071","true","3","39","","","","","","","","","","","false"
"65","F5","AA_0682","","Unknown","FAM","UNKNOWN","FAM","None","No Amp","Undetermined","","0.0","","","","true","0.2693801997103071","true","3","39","","","","","","","","","","","false"
"66","F6","AA_0682","","Unknown","FAM","UNKNOWN","FAM","None","No Amp","Undetermined","","0.0","","","","true","0.2693801997103071","true","3","39","","","","","","","","","","","false"
"67","F7","AA_0722","","Unknown","FAM","UNKNOWN","FAM","None","No Amp","Undetermined","","0.0","","","","true","0.2693801997103071","true","3","39","","","","","","","","","","","false"
"68","F8","AA_0722","","Unknown","FAM","UNKNOWN","FAM","None","No Amp","Undetermined","","0.0","","","","true","0.2693801997103071","true","3","39","","","","","","","","","","","false"
"69","F9","AA_0722","","Unknown","FAM","UNKNOWN","FAM","None","No Amp","Undetermined","","0.0","","","","true","0.2693801997103071","true","3","39","","","","","","","","","","","false"
"70","F10","AA_0690","","Unknown","FAM","UNKNOWN","FAM","None","Amp","31.308129658454384","31.133388335401424","0.9750503927103233","0.17579251261655854","","","true","0.2693801997103071","true","3","26","","","","","","","","","","","false"
"71","F11","AA_0690","","Unknown","FAM","UNKNOWN","FAM","None","Amp","30.95656316026325","31.133388335401424","0.9709790757194171","0.17579251261655854","","","true","0.2693801997103071","true","3","25","","","","","","","","","","","false"
"72","F12","AA_0690","","Unknown","FAM","UNKNOWN","FAM","None","Amp","31.135472187486634","31.133388335401424","0.9834684765774618","0.17579251261655854","","","true","0.2693801997103071","true","3","26","","","","","","","","","","","false"
"76","G4","AA_0689","","Unknown","FAM","UNKNOWN","FAM","None","Amp","29.152103417279932","29.193015136238074","0.9760970215790087","0.03772047889184022","","","true","0.2693801997103071","true","3","23","","","","","","","","","","","false"
"77","G5","AA_0689","","Unknown","FAM","UNKNOWN","FAM","None","Amp","29.200528508834054","29.193015136238074","0.9835015820138057","0.03772047889184022","","","true","0.2693801997103071","true","3","23","","","","","","","","","","","false"
"78","G6","AA_0689","","Unknown","FAM","UNKNOWN","FAM","None","Amp","29.226413482600243","29.193015136238074","0.979376580775226","0.03772047889184022","","","true","0.2693801997103071","true","3","23","","","","","","","","","","","false"
"79","G7","AA_0791","","Unknown","FAM","UNKNOWN","FAM","None","No Amp","Undetermined","","0.0","","","","true","0.2693801997103071","true","3","39","","","","","","","","","","","false"
"80","G8","AA_0791","","Unknown","FAM","UNKNOWN","FAM","None","No Amp","Undetermined","","0.0","","","","true","0.2693801997103071","true","3","39","","","","","","","","","","","false"
"81","G9","AA_0791","","Unknown","FAM","UNKNOWN","FAM","None","No Amp","Undetermined","","0.0","","","","true","0.2693801997103071","true","3","39","","","","","","","","","","","false"
"82","G10","AA_0681","","Unknown","FAM","UNKNOWN","FAM","None","No Amp","Undetermined","","0.0","","","","true","0.2693801997103071","true","3","39","","","","","","","","","","","false"
"83","G11","AA_0681","","Unknown","FAM","UNKNOWN","FAM","None","No Amp","Undetermined","","0.0","","","","true","0.2693801997103071","true","3","39","","","","","","","","","","","false"
"84","G12","AA_0681","","Unknown","FAM","UNKNOWN","FAM","None","No Amp","Undetermined","","0.0","","","","true","0.2693801997103071","true","3","39","","","","","","","","","","","false"
"88","H4","AA_0772","","Unknown","FAM","UNKNOWN","FAM","None","No Amp","Undetermined","37.959718458270345","0.0","","","","true","0.2693801997103071","true","3","39","","","","","","","","","","","false"
"89","H5","AA_0772","","Unknown","FAM","UNKNOWN","FAM","None","Amp","37.959718458270345","37.959718458270345","0.9685818677096739","","","","true","0.2693801997103071","true","3","32","","","","","","","","","","","false"
"90","H6","AA_0772","","Unknown","FAM","UNKNOWN","FAM","None","No Amp","Undetermined","37.959718458270345","0.0","","","","true","0.2693801997103071","true","3","39","","","","","","","","","","","false"
"91","H7","AA_0846","","Unknown","FAM","UNKNOWN","FAM","None","No Amp","Undetermined","","0.0","","","","true","0.2693801997103071","true","3","39","","","","","","","","","","","false"
"92","H8","AA_0846","","Unknown","FAM","UNKNOWN","FAM","None","No Amp","Undetermined","","0.0","","","","true","0.2693801997103071","true","3","39","","","","","","","","","","","false"
"93","H9","AA_0846","","Unknown","FAM","UNKNOWN","FAM","None","No Amp","Undetermined","","0.0","","","","true","0.2693801997103071","true","3","39","","","","","","","","","","","false"
"94","H10","AA_0745","","Unknown","FAM","UNKNOWN","FAM","None","No Amp","Undetermined","","0.0","","","","true","0.2693801997103071","true","3","39","","","","","","","","","","","false"
"95","H11","AA_0745","","Unknown","FAM","UNKNOWN","FAM","None","No Amp","Undetermined","","0.0","","","","true","0.2693801997103071","true","3","39","","","","","","","","","","","false"
"96","H12","AA_0745","","Unknown","FAM","UNKNOWN","FAM","None","No Amp","Undetermined","","0.0","","","","true","0.2693801997103071","true","3","39","","","","","","","","","","","false"
"85","H1","NTC","","NTC","FAM","NTC","FAM","None","No Amp","Undetermined","","0.0","","","","true","0.2","true","3","39","","","","","","","","","","","false"
"86","H2","NTC","","NTC","FAM","NTC","FAM","None","No Amp","Undetermined","","0.0","","","","true","0.2","true","3","39","","","","","","","","","","","false"
"87","H3","NTC","","NTC","FAM","NTC","FAM","None","No Amp","Undetermined","","0.0","","","","true","0.2","true","3","39","","","","","","","","","","","false"
"1","A1","10_7","1.0E7","Standard Curve","FAM","STANDARD","FAM","None","Amp","22.122064830702993","22.15593963555796","0.9815302918939679","0.048949906310174957","","","true","0.3410299116142532","true","3","16","","","","","29.3844","0.9990852669254778","-1.0251","845.201997839982","0.06521845661812288","0.007115917003827143","false"
"2","A2","10_7","1.0E7","Standard Curve","FAM","STANDARD","FAM","None","Amp","22.13369200864235","22.15593963555796","0.9845361035063884","0.048949906310174957","","","true","0.3410299116142532","true","3","16","","","","","29.3844","0.9990852669254778","-1.0251","845.201997839982","0.06521845661812288","0.007115917003827143","false"
"3","A3","10_7","1.0E7","Standard Curve","FAM","STANDARD","FAM","None","Amp","22.21206206732855","22.15593963555796","0.977041546698203","0.048949906310174957","","","true","0.3410299116142532","true","3","15","","","","","29.3844","0.9990852669254778","-1.0251","845.201997839982","0.06521845661812288","0.007115917003827143","false"
"13","B1","10_6","1000000.0","Standard Curve","FAM","STANDARD","FAM","None","Amp","23.312409650472148","23.326447289565056","0.9843029140660734","0.029769964264043675","","","true","0.3410299116142532","true","3","17","","","","","29.3844","0.9990852669254778","-1.0251","845.201997839982","0.06521845661812288","0.007115917003827143","false"
"14","B2","10_6","1000000.0","Standard Curve","FAM","STANDARD","FAM","None","Amp","23.36064071654242","23.326447289565056","0.9710258113221483","0.029769964264043675","","","true","0.3410299116142532","true","3","17","","","","","29.3844","0.9990852669254778","-1.0251","845.201997839982","0.06521845661812288","0.007115917003827143","false"
"15","B3","10_6","1000000.0","Standard Curve","FAM","STANDARD","FAM","None","Amp","23.306291501680597","23.326447289565056","0.9774355007281148","0.029769964264043675","","","true","0.3410299116142532","true","3","17","","","","","29.3844","0.9990852669254778","-1.0251","845.201997839982","0.06521845661812288","0.007115917003827143","false"
"25","C1","10_5","100000.0","Standard Curve","FAM","STANDARD","FAM","None","Amp","24.126081720968692","24.197532083504345","0.9839757175620923","0.0634371954554853","","","true","0.3410299116142532","true","3","16","","","","","29.3844","0.9990852669254778","-1.0251","845.201997839982","0.06521845661812288","0.007115917003827143","false"
"26","C2","10_5","100000.0","Standard Curve","FAM","STANDARD","FAM","None","Amp","24.247236250335455","24.197532083504345","0.9787437829045075","0.0634371954554853","","","true","0.3410299116142532","true","3","18","","","","","29.3844","0.9990852669254778","-1.0251","845.201997839982","0.06521845661812288","0.007115917003827143","false"
"27","C3","10_5","100000.0","Standard Curve","FAM","STANDARD","FAM","None","Amp","24.219278279208893","24.197532083504345","0.976946580365295","0.0634371954554853","","","true","0.3410299116142532","true","3","19","","","","","29.3844","0.9990852669254778","-1.0251","845.201997839982","0.06521845661812288","0.007115917003827143","false"
"37","D1","10_4","10000.0","Standard Curve","FAM","STANDARD","FAM","None","Amp","25.3672160967838","25.29574571592345","0.9802619393897785","0.0619068874497594","","","true","0.3410299116142532","true","3","19","","","","","29.3844","0.9990852669254778","-1.0251","845.201997839982","0.06521845661812288","0.007115917003827143","false"
"38","D2","10_4","10000.0","Standard Curve","FAM","STANDARD","FAM","None","Amp","25.26121518655495","25.29574571592345","0.9828813518317143","0.0619068874497594","","","true","0.3410299116142532","true","3","18","","","","","29.3844","0.9990852669254778","-1.0251","845.201997839982","0.06521845661812288","0.007115917003827143","false"
"39","D3","10_4","10000.0","Standard Curve","FAM","STANDARD","FAM","None","Amp","25.258805864431608","25.29574571592345","0.9863195880205936","0.0619068874497594","","","true","0.3410299116142532","true","3","19","","","","","29.3844","0.9990852669254778","-1.0251","845.201997839982","0.06521845661812288","0.007115917003827143","false"
"49","E1","10_3","1000.0","Standard Curve","FAM","STANDARD","FAM","None","Amp","26.352285462408304","26.325727092206524","0.9856983435078812","0.025126421976848428","","","true","0.3410299116142532","true","3","21","","","","","29.3844","0.9990852669254778","-1.0251","845.201997839982","0.06521845661812288","0.007115917003827143","false"
"50","E2","10_3","1000.0","Standard Curve","FAM","STANDARD","FAM","None","Amp","26.302332235595223","26.325727092206524","0.9838848796283735","0.025126421976848428","","","true","0.3410299116142532","true","3","20","","","","","29.3844","0.9990852669254778","-1.0251","845.201997839982","0.06521845661812288","0.007115917003827143","false"
"51","E3","10_3","1000.0","Standard Curve","FAM","STANDARD","FAM","None","Amp","26.322563578616055","26.325727092206524","0.9806389054523406","0.025126421976848428","","","true","0.3410299116142532","true","3","20","","","","","29.3844","0.9990852669254778","-1.0251","845.201997839982","0.06521845661812288","0.007115917003827143","false"
"61","F1","10_2","100.0","Standard Curve","FAM","STANDARD","FAM","None","Amp","27.36251568325693","27.366162767078013","0.9869963324285922","0.03178798219982126","","","true","0.3410299116142532","true","3","22","","","","","29.3844","0.9990852669254778","-1.0251","845.201997839982","0.06521845661812288","0.007115917003827143","false"
"62","F2","10_2","100.0","Standard Curve","FAM","STANDARD","FAM","None","Amp","27.399616988665947","27.366162767078013","0.984727339085974","0.03178798219982126","","","true","0.3410299116142532","true","3","22","","","","","29.3844","0.9990852669254778","-1.0251","845.201997839982","0.06521845661812288","0.007115917003827143","false"
"63","F3","10_2","100.0","Standard Curve","FAM","STANDARD","FAM","None","Amp","27.336355629311164","27.366162767078013","0.9849874259026875","0.03178798219982126","","","true","0.3410299116142532","true","3","21","","","","","29.3844","0.9990852669254778","-1.0251","845.201997839982","0.06521845661812288","0.007115917003827143","false"
"73","G1","10_1","10.0","Standard Curve","FAM","STANDARD","FAM","None","Amp","28.34781829732443","28.32089911051486","0.9874229632432595","0.023687530944594193","","","true","0.3410299116142532","true","3","21","","","","","29.3844","0.9990852669254778","-1.0251","845.201997839982","0.06521845661812288","0.007115917003827143","false"
"74","G2","10_1","10.0","Standard Curve","FAM","STANDARD","FAM","None","Amp","28.311636797038744","28.32089911051486","0.9842183143579979","0.023687530944594193","","","true","0.3410299116142532","true","3","23","","","","","29.3844","0.9990852669254778","-1.0251","845.201997839982","0.06521845661812288","0.007115917003827143","false"
"75","G3","10_1","10.0","Standard Curve","FAM","STANDARD","FAM","None","Amp","28.303242237181394","28.32089911051486","0.9892189779431372","0.023687530944594193","","","true","0.3410299116142532","true","3","21","","","","","29.3844","0.9990852669254778","-1.0251","845.201997839982","0.06521845661812288","0.007115917003827143","false"
