# File Name: Plate_4.eds
# Comment: 
# Operator: DEFAULT
# Barcode: 
# Instrument Type: QuantStudio™ 1 System
# Block Type: 96-Well 0.2-mL Block
# Instrument Name: 2721220100840
# Instrument Serial Number: 2721220100840
# Heated Cover Serial Number: 
# Block Serial Number: 
# Run Start Date/Time: 2021-05-27 12:05:36 PM UTC
# Run End Date/Time: 2021-05-27 01:06:15 PM UTC
# Run Duration: 60 minutes 39 seconds
# Sample Volume: 20.0
# Cover Temperature: 105.0
# Passive Reference: ROX
# PCR Stage/Step Number: Stage 2 Step 2
# Quantification Cycle Method: CT
# Analysis Date/Time: 2021-05-27 12:45:44 PM UTC
# Software Name and Version: Design & Analysis Software v2.5.1
# Plugin Name and Version: Primary Analysis v1.6.0, Standard Curve v1.5.1
# Exported By: guest
# Exported On: 2021-05-27 02:47:56 PM UTC
"Well","Well Position","Omit","Sample","Target","Task","Reporter","Quencher","Amp Status","Amp Score","Curve Quality","Result Quality Issues","Cq","Cq Confidence","Cq Mean","Cq SD","Auto Threshold","Threshold","Auto Baseline","Baseline Start","Baseline End"
"1","A1","false","1x10_6 tyz","Standard Curve","STANDARD","FAM","None","Amp","1.421765738116805","","","22.17963368130973","0.9904256164400624","22.19756024301023","0.028994933652993687","true","0.2087154269128504","true","3","16"
"2","A2","false","1x10_6 tyz","Standard Curve","STANDARD","FAM","None","Amp","1.426539082863393","","","22.182035057867374","0.9872627535401537","22.19756024301023","0.028994933652993687","true","0.2087154269128504","true","3","16"
"3","A3","false","1x10_6 tyz","Standard Curve","STANDARD","FAM","None","Amp","1.430554707796079","","","22.23101198985359","0.9840385402399633","22.19756024301023","0.028994933652993687","true","0.2087154269128504","true","3","17"
"4","A4","false","AA_0773","Unknown","UNKNOWN","FAM","None","No Amp","0.0","","","Undetermined","0.0","","","true","0.03999999910593033","true","3","39"
"5","A5","false","AA_0773","Unknown","UNKNOWN","FAM","None","No Amp","0.0","","","Undetermined","0.0","","","true","0.03999999910593033","true","3","39"
"6","A6","false","AA_0773","Unknown","UNKNOWN","FAM","None","No Amp","0.0","","","Undetermined","0.0","","","true","0.03999999910593033","true","3","39"
"7","A7","false","AA_0717","Unknown","UNKNOWN","FAM","None","No Amp","0.0","","","Undetermined","0.0","","","true","0.03999999910593033","true","3","39"
"8","A8","false","AA_0717","Unknown","UNKNOWN","FAM","None","No Amp","0.0","","","Undetermined","0.0","","","true","0.03999999910593033","true","3","39"
"9","A9","false","AA_0717","Unknown","UNKNOWN","FAM","None","No Amp","0.0","","","Undetermined","0.0","","","true","0.03999999910593033","true","3","39"
"10","A10","false","AA_0786","Unknown","UNKNOWN","FAM","None","No Amp","0.0","","","Undetermined","0.0","","","true","0.03999999910593033","true","3","39"
"11","A11","false","AA_0786","Unknown","UNKNOWN","FAM","None","No Amp","0.0","","","Undetermined","0.0","","","true","0.03999999910593033","true","3","39"
"12","A12","false","AA_0786","Unknown","UNKNOWN","FAM","None","No Amp","0.0","","","Undetermined","0.0","","","true","0.03999999910593033","true","3","39"
"13","B1","false","1.25x10_5 tyz","Standard Curve","STANDARD","FAM","None","Amp","1.4222645096230302","","","25.509799152769645","0.9862629246728722","25.40638419464351","0.12368359067322458","true","0.2087154269128504","true","3","21"
"14","B2","false","1.25x10_5 tyz","Standard Curve","STANDARD","FAM","None","Amp","1.4227015050709177","","","25.269373489214672","0.9817904879892311","25.40638419464351","0.12368359067322458","true","0.2087154269128504","true","3","19"
"15","B3","false","1.25x10_5 tyz","Standard Curve","STANDARD","FAM","None","Amp","1.4241616812679858","","","25.439979941946227","0.9786511736282939","25.40638419464351","0.12368359067322458","true","0.2087154269128504","true","3","19"
"16","B4","false","AA_0801 I","Unknown","UNKNOWN","FAM","None","Amp","1.2842453234375548","","","33.527599482197786","0.9726801426774914","33.5880815742144","0.6884325574448453","true","0.03999999910593033","true","3","31"
"17","B5","false","AA_0801 I","Unknown","UNKNOWN","FAM","None","Amp","1.336801716116425","","","32.93188557026188","0.9593188744471148","33.5880815742144","0.6884325574448453","true","0.03999999910593033","true","3","30"
"18","B6","false","AA_0801 I","Unknown","UNKNOWN","FAM","None","Amp","1.2406222138235687","","","34.30475967018353","0.9075358676058216","33.5880815742144","0.6884325574448453","true","0.03999999910593033","true","3","31"
"19","B7","false","AA_0848","Unknown","UNKNOWN","FAM","None","No Amp","0.0","","","Undetermined","0.0","","","true","0.03999999910593033","true","3","39"
"20","B8","false","AA_0848","Unknown","UNKNOWN","FAM","None","No Amp","0.0","","","Undetermined","0.0","","","true","0.03999999910593033","true","3","39"
"21","B9","false","AA_0848","Unknown","UNKNOWN","FAM","None","No Amp","0.0","","","Undetermined","0.0","","","true","0.03999999910593033","true","3","39"
"22","B10","false","AA_0784","Unknown","UNKNOWN","FAM","None","No Amp","0.0","","","Undetermined","0.0","","","true","0.03999999910593033","true","3","39"
"23","B11","false","AA_0784","Unknown","UNKNOWN","FAM","None","No Amp","0.0","","","Undetermined","0.0","","","true","0.03999999910593033","true","3","39"
"24","B12","false","AA_0784","Unknown","UNKNOWN","FAM","None","No Amp","0.0","","","Undetermined","0.0","","","true","0.03999999910593033","true","3","39"
"25","C1","false","1.56x10_4 tyz","Standard Curve","STANDARD","FAM","None","Amp","1.422237847510665","","","28.280673453607477","0.9885378567159264","28.415620985307978","0.11728529110942487","true","0.2087154269128504","true","3","22"
"26","C2","false","1.56x10_4 tyz","Standard Curve","STANDARD","FAM","None","Amp","1.4190471821571677","","","28.4929797031811","0.9868457219573813","28.415620985307978","0.11728529110942487","true","0.2087154269128504","true","3","23"
"27","C3","false","1.56x10_4 tyz","Standard Curve","STANDARD","FAM","None","Amp","1.4325981334610016","","","28.473209799135354","0.9787844697753453","28.415620985307978","0.11728529110942487","true","0.2087154269128504","true","3","22"
"28","C4","false","AA_0771","Unknown","UNKNOWN","FAM","None","No Amp","0.0","","","Undetermined","0.0","","","true","0.03999999910593033","true","3","39"
"29","C5","false","AA_0771","Unknown","UNKNOWN","FAM","None","No Amp","0.0","","","Undetermined","0.0","","","true","0.03999999910593033","true","3","39"
"30","C6","false","AA_0771","Unknown","UNKNOWN","FAM","None","No Amp","0.0","","","Undetermined","0.0","","","true","0.03999999910593033","true","3","39"
"31","C7","false","AA_0691","Unknown","UNKNOWN","FAM","None","No Amp","0.0","","","Undetermined","0.0","","","true","0.03999999910593033","true","3","39"
"32","C8","false","AA_0691","Unknown","UNKNOWN","FAM","None","No Amp","0.0","","","Undetermined","0.0","","","true","0.03999999910593033","true","3","39"
"33","C9","false","AA_0691","Unknown","UNKNOWN","FAM","None","No Amp","0.0","","","Undetermined","0.0","","","true","0.03999999910593033","true","3","39"
"34","C10","false","AA_0697 R","Unknown","UNKNOWN","FAM","None","No Amp","0.0","","","Undetermined","0.0","","","true","0.03999999910593033","true","3","39"
"35","C11","false","AA_0697 R","Unknown","UNKNOWN","FAM","None","No Amp","0.3840758025896759","","","Undetermined","0.0","","","true","0.03999999910593033","true","3","39"
"36","C12","false","AA_0697 R","Unknown","UNKNOWN","FAM","None","No Amp","0.0","","","Undetermined","0.0","","","true","0.03999999910593033","true","3","39"
"37","D1","false","1.95x10_3 tyz","Standard Curve","STANDARD","FAM","None","Amp","1.4336613918001364","","","31.374275029369883","0.987651385659782","31.368866917312275","0.01248602446460566","true","0.2087154269128504","true","3","26"
"38","D2","false","1.95x10_3 tyz","Standard Curve","STANDARD","FAM","None","Amp","1.4174821070349084","","","31.377737188475137","0.9904277577160395","31.368866917312275","0.01248602446460566","true","0.2087154269128504","true","3","26"
"39","D3","false","1.95x10_3 tyz","Standard Curve","STANDARD","FAM","None","Amp","1.4179515630143187","","","31.354588534091803","0.981942108144983","31.368866917312275","0.01248602446460566","true","0.2087154269128504","true","3","26"
"40","D4","false","AA_0721","Unknown","UNKNOWN","FAM","None","No Amp","0.0","","","Undetermined","0.0","","","true","0.03999999910593033","true","3","39"
"41","D5","false","AA_0721","Unknown","UNKNOWN","FAM","None","Amp","1.0536237262651487","","","35.68608868567975","0.8597219233907402","35.68608868567975","","true","0.03999999910593033","true","3","33"
"42","D6","false","AA_0721","Unknown","UNKNOWN","FAM","None","No Amp","0.0","","","Undetermined","0.0","","","true","0.03999999910593033","true","3","39"
"43","D7","false","AA_0706","Unknown","UNKNOWN","FAM","None","No Amp","0.0","","","Undetermined","0.0","","","true","0.03999999910593033","true","3","39"
"44","D8","false","AA_0706","Unknown","UNKNOWN","FAM","None","No Amp","0.0","","","Undetermined","0.0","","","true","0.03999999910593033","true","3","39"
"45","D9","false","AA_0706","Unknown","UNKNOWN","FAM","None","No Amp","0.0","","","Undetermined","0.0","","","true","0.03999999910593033","true","3","39"
"46","D10","false","AA_0705 R","Unknown","UNKNOWN","FAM","None","No Amp","0.0","","","Undetermined","0.0","","","true","0.03999999910593033","true","3","39"
"47","D11","false","AA_0705 R","Unknown","UNKNOWN","FAM","None","No Amp","0.0","","","Undetermined","0.0","","","true","0.03999999910593033","true","3","39"
"48","D12","false","AA_0705 R","Unknown","UNKNOWN","FAM","None","No Amp","0.0","","","Undetermined","0.0","","","true","0.03999999910593033","true","3","39"
"49","E1","false","2.44x10_2 tyz","Standard Curve","STANDARD","FAM","None","Amp","1.3472443110862775","","","34.97169345847769","0.9743401044269676","34.98471813160438","0.0966824002105767","true","0.2087154269128504","true","3","30"
"50","E2","false","2.44x10_2 tyz","Standard Curve","STANDARD","FAM","None","Amp","1.3457110190793833","","","34.89520830964081","0.9755453592763821","34.98471813160438","0.0966824002105767","true","0.2087154269128504","true","3","30"
"51","E3","false","2.44x10_2 tyz","Standard Curve","STANDARD","FAM","None","Amp","1.3365493412488934","","","35.08725262669465","0.9615913029723712","34.98471813160438","0.0966824002105767","true","0.2087154269128504","true","3","30"
"52","E4","false","AA_0748","Unknown","UNKNOWN","FAM","None","No Amp","0.0","","","Undetermined","0.0","","","true","0.03999999910593033","true","3","39"
"53","E5","false","AA_0748","Unknown","UNKNOWN","FAM","None","No Amp","0.0","","","Undetermined","0.0","","","true","0.03999999910593033","true","3","39"
"54","E6","false","AA_0748","Unknown","UNKNOWN","FAM","None","No Amp","0.0","","","Undetermined","0.0","","","true","0.03999999910593033","true","3","39"
"55","E7","false","AA_0692","Unknown","UNKNOWN","FAM","None","No Amp","0.0","","","Undetermined","0.0","","","true","0.03999999910593033","true","3","39"
"56","E8","false","AA_0692","Unknown","UNKNOWN","FAM","None","No Amp","0.0","","","Undetermined","0.0","","","true","0.03999999910593033","true","3","39"
"57","E9","false","AA_0692","Unknown","UNKNOWN","FAM","None","No Amp","0.0","","","Undetermined","0.0","","","true","0.03999999910593033","true","3","39"
"58","E10","false","AA_0728 R","Unknown","UNKNOWN","FAM","None","No Amp","0.0","","","Undetermined","0.0","","","true","0.03999999910593033","true","3","39"
"59","E11","false","AA_0728 R","Unknown","UNKNOWN","FAM","None","No Amp","0.0","","","Undetermined","0.0","","","true","0.03999999910593033","true","3","39"
"60","E12","false","AA_0728 R","Unknown","UNKNOWN","FAM","None","No Amp","0.0","","","Undetermined","0.0","","","true","0.03999999910593033","true","3","39"
"61","F1","false","3x10_1 tyz","Standard Curve","STANDARD","FAM","None","Amp","1.3130729711961744","","","35.871834743638914","0.9763617797007478","36.808923038286075","1.325242975431157","true","0.2087154269128504","true","3","30"
"62","F2","false","3x10_1 tyz","Standard Curve","STANDARD","FAM","None","Inconclusive","1.137608760511262","","","37.746011332933236","0.9333768725683206","36.808923038286075","1.325242975431157","true","0.2087154269128504","true","3","33"
"63","F3","false","3x10_1 tyz","Standard Curve","STANDARD","FAM","None","No Amp","0.0","","","Undetermined","0.0","","","true","0.2087154269128504","true","3","39"
"64","F4","false","AA_0801","Unknown","UNKNOWN","FAM","None","No Amp","0.0","","","Undetermined","0.0","","","true","0.03999999910593033","true","3","39"
"65","F5","false","AA_0801","Unknown","UNKNOWN","FAM","None","No Amp","0.0","","","Undetermined","0.0","","","true","0.03999999910593033","true","3","39"
"66","F6","false","AA_0801","Unknown","UNKNOWN","FAM","None","No Amp","0.0","","","Undetermined","0.0","","","true","0.03999999910593033","true","3","39"
"67","F7","false","AA_0684","Unknown","UNKNOWN","FAM","None","No Amp","0.0","","","Undetermined","0.0","","","true","0.03999999910593033","true","3","39"
"68","F8","false","AA_0684","Unknown","UNKNOWN","FAM","None","No Amp","0.0","","","Undetermined","0.0","","","true","0.03999999910593033","true","3","39"
"69","F9","false","AA_0684","Unknown","UNKNOWN","FAM","None","No Amp","0.0","","","Undetermined","0.0","","","true","0.03999999910593033","true","3","39"
"70","F10","false","AA_0737 R","Unknown","UNKNOWN","FAM","None","Amp","0.976509854099533","","","34.259060556997085","0.8599144957046987","34.259060556997085","","true","0.03999999910593033","true","3","31"
"71","F11","false","AA_0737 R","Unknown","UNKNOWN","FAM","None","No Amp","0.0","","","Undetermined","0.0","","","true","0.03999999910593033","true","3","39"
"72","F12","false","AA_0737 R","Unknown","UNKNOWN","FAM","None","No Amp","0.5232319824852927","","","Undetermined","0.0","","","true","0.03999999910593033","true","3","39"
"73","G1","false","8 tyz","Standard Curve","STANDARD","FAM","None","No Amp","0.0","","","Undetermined","0.0","","","true","0.2087154269128504","true","3","39"
"74","G2","false","8 tyz","Standard Curve","STANDARD","FAM","None","No Amp","0.0","","","Undetermined","0.0","","","true","0.2087154269128504","true","3","39"
"75","G3","false","8 tyz","Standard Curve","STANDARD","FAM","None","No Amp","0.0","","","Undetermined","0.0","","","true","0.2087154269128504","true","3","39"
"76","G4","false","AA_0756","Unknown","UNKNOWN","FAM","None","No Amp","0.0","","","Undetermined","0.0","","","true","0.03999999910593033","true","3","39"
"77","G5","false","AA_0756","Unknown","UNKNOWN","FAM","None","No Amp","0.0","","","Undetermined","0.0","","","true","0.03999999910593033","true","3","39"
"78","G6","false","AA_0756","Unknown","UNKNOWN","FAM","None","No Amp","0.0","","","Undetermined","0.0","","","true","0.03999999910593033","true","3","39"
"79","G7","false","AA_0688","Unknown","UNKNOWN","FAM","None","No Amp","0.0","","","Undetermined","0.0","","","true","0.03999999910593033","true","3","39"
"80","G8","false","AA_0688","Unknown","UNKNOWN","FAM","None","No Amp","0.0","","","Undetermined","0.0","","","true","0.03999999910593033","true","3","39"
"81","G9","false","AA_0688","Unknown","UNKNOWN","FAM","None","No Amp","0.0","","","Undetermined","0.0","","","true","0.03999999910593033","true","3","39"
"82","G10","false","AA_0749 R","Unknown","UNKNOWN","FAM","None","Amp","0.9988731643510107","","","34.16457727215119","0.8900826251902786","33.68143715732452","1.203598468311687","true","0.03999999910593033","true","3","29"
"83","G11","false","AA_0749 R","Unknown","UNKNOWN","FAM","None","Amp","1.1369590582471885","","","32.31133664174608","0.9253191164275065","33.68143715732452","1.203598468311687","true","0.03999999910593033","true","3","28"
"84","G12","false","AA_0749 R","Unknown","UNKNOWN","FAM","None","Amp","0.8489111810950672","","","34.56839755807627","0.7629598251949083","33.68143715732452","1.203598468311687","true","0.03999999910593033","true","3","32"
"85","H1","false","NTC","NTC","NTC","FAM","None","No Amp","0.0","","","Undetermined","0.0","","","true","0.2","true","3","39"
"86","H2","false","NTC","NTC","NTC","FAM","None","No Amp","0.0","","","Undetermined","0.0","","","true","0.2","true","3","39"
"87","H3","false","NTC","NTC","NTC","FAM","None","No Amp","0.0","","","Undetermined","0.0","","","true","0.2","true","3","39"
"88","H4","false","AA_0710","Unknown","UNKNOWN","FAM","None","No Amp","0.0","","","Undetermined","0.0","","","true","0.03999999910593033","true","3","39"
"89","H5","false","AA_0710","Unknown","UNKNOWN","FAM","None","No Amp","0.0","","","Undetermined","0.0","","","true","0.03999999910593033","true","3","39"
"90","H6","false","AA_0710","Unknown","UNKNOWN","FAM","None","No Amp","0.0","","","Undetermined","0.0","","","true","0.03999999910593033","true","3","39"
"91","H7","false","AA_0755 II","Unknown","UNKNOWN","FAM","None","No Amp","0.0","","","Undetermined","0.0","","","true","0.03999999910593033","true","3","39"
"92","H8","false","AA_0755 II","Unknown","UNKNOWN","FAM","None","No Amp","0.0","","","Undetermined","0.0","","","true","0.03999999910593033","true","3","39"
"93","H9","false","AA_0755 II","Unknown","UNKNOWN","FAM","None","No Amp","0.0","","","Undetermined","0.0","","","true","0.03999999910593033","true","3","39"
"94","H10","false","AA_0767 R","Unknown","UNKNOWN","FAM","None","No Amp","0.0","","","Undetermined","0.0","","","true","0.03999999910593033","true","3","39"
"95","H11","false","AA_0767 R","Unknown","UNKNOWN","FAM","None","No Amp","0.0","","","Undetermined","0.0","","","true","0.03999999910593033","true","3","39"
"96","H12","false","AA_0767 R","Unknown","UNKNOWN","FAM","None","No Amp","0.0","","","Undetermined","0.0","","","true","0.03999999910593033","true","3","39"
