# File Name: Plate_6.eds
# Comment: 
# Operator: DEFAULT
# Barcode: 
# Instrument Type: QuantStudio™ 1 System
# Block Type: 96-Well 0.2-mL Block
# Instrument Name: 2721220100840
# Instrument Serial Number: 2721220100840
# Heated Cover Serial Number: 
# Block Serial Number: 
# Run Start Date/Time: 2021-06-01 09:31:37 AM UTC
# Run End Date/Time: 2021-06-01 10:38:58 AM UTC
# Run Duration: 67 minutes 21 seconds
# Sample Volume: 20.0
# Cover Temperature: 105.0
# Passive Reference: ROX
# PCR Stage/Step Number: Stage 2 Step 2
# Melt Stage Number: 3
# Quantification Cycle Method: CT
# Analysis Date/Time: 2021-06-01 10:39:54 AM UTC
# Software Name and Version: Design & Analysis Software v2.5.1
# Plugin Name and Version: Primary Analysis v1.6.0, Standard Curve v1.5.1
# Exported By: guest
# Exported On: 2021-06-01 10:42:33 AM UTC
"Well","Well Position","Omit","Sample","Target","Task","Reporter","Quencher","Amp Status","Amp Score","Curve Quality","Result Quality Issues","Cq","Cq Confidence","Cq Mean","Cq SD","Auto Threshold","Threshold","Auto Baseline","Baseline Start","Baseline End"
"4","A4","false","AA_0746 R","Unknown","UNKNOWN","FAM","None","No Amp","0.0","","","Undetermined","0.0","","","true","0.09264752831052908","true","3","39"
"5","A5","false","AA_0746 R","Unknown","UNKNOWN","FAM","None","No Amp","0.0","","","Undetermined","0.0","","","true","0.09264752831052908","true","3","39"
"6","A6","false","AA_0746 R","Unknown","UNKNOWN","FAM","None","No Amp","0.0","","","Undetermined","0.0","","","true","0.09264752831052908","true","3","39"
"7","A7","false","AA_0766 R","Unknown","UNKNOWN","FAM","None","No Amp","0.0","","","Undetermined","0.0","","","true","0.09264752831052908","true","3","39"
"8","A8","false","AA_0766 R","Unknown","UNKNOWN","FAM","None","No Amp","0.0","","","Undetermined","0.0","","","true","0.09264752831052908","true","3","39"
"9","A9","false","AA_0766 R","Unknown","UNKNOWN","FAM","None","No Amp","0.0","","","Undetermined","0.0","","","true","0.09264752831052908","true","3","39"
"10","A10","false","AA_0845 R","Unknown","UNKNOWN","FAM","None","No Amp","0.0","","","Undetermined","0.0","","","true","0.09264752831052908","true","3","39"
"11","A11","false","AA_0845 R","Unknown","UNKNOWN","FAM","None","No Amp","0.0","","","Undetermined","0.0","","","true","0.09264752831052908","true","3","39"
"12","A12","false","AA_0845 R","Unknown","UNKNOWN","FAM","None","No Amp","0.0","","","Undetermined","0.0","","","true","0.09264752831052908","true","3","39"
"16","B4","false","AA_0750 R","Unknown","UNKNOWN","FAM","None","Amp","1.3609260637224805","","","32.28970091076961","0.9537028176662888","32.29373459408739","0.1636982051290715","true","0.09264752831052908","true","3","29"
"17","B5","false","AA_0750 R","Unknown","UNKNOWN","FAM","None","Amp","1.378778812640341","","","32.13209050756937","0.9495753563779337","32.29373459408739","0.1636982051290715","true","0.09264752831052908","true","3","28"
"18","B6","false","AA_0750 R","Unknown","UNKNOWN","FAM","None","Amp","1.3530113663356194","","","32.45941236392319","0.9836384608985835","32.29373459408739","0.1636982051290715","true","0.09264752831052908","true","3","28"
"19","B7","false","AA_0775 R","Unknown","UNKNOWN","FAM","None","No Amp","0.0","","","Undetermined","0.0","","","true","0.09264752831052908","true","3","39"
"20","B8","false","AA_0775 R","Unknown","UNKNOWN","FAM","None","No Amp","0.0","","","Undetermined","0.0","","","true","0.09264752831052908","true","3","39"
"21","B9","false","AA_0775 R","Unknown","UNKNOWN","FAM","None","No Amp","0.0","","","Undetermined","0.0","","","true","0.09264752831052908","true","3","39"
"22","B10","false","AA_0854 R","Unknown","UNKNOWN","FAM","None","No Amp","0.0","","","Undetermined","0.0","","","true","0.09264752831052908","true","3","39"
"23","B11","false","AA_0854 R","Unknown","UNKNOWN","FAM","None","No Amp","0.0","","","Undetermined","0.0","","","true","0.09264752831052908","true","3","39"
"24","B12","false","AA_0854 R","Unknown","UNKNOWN","FAM","None","No Amp","0.0","","","Undetermined","0.0","","","true","0.09264752831052908","true","3","39"
"25","C1","false","1.56x10_4 tyz","Standard Curve","STANDARD","FAM","None","Amp","0.9902537916449102","","","27.5058537194357","0.9011912466287983","28.748652576447665","1.21760439720258","true","0.04596446514135212","true","3","22"
"26","C2","false","1.56x10_4 tyz","Standard Curve","STANDARD","FAM","None","Amp","0.8730579337706755","","","29.939392604984842","0.8861197405542143","28.748652576447665","1.21760439720258","true","0.04596446514135212","true","3","26"
"27","C3","false","1.56x10_4 tyz","Standard Curve","STANDARD","FAM","None","Amp","0.9908092370142294","","","28.80071140492246","0.921743616964537","28.748652576447665","1.21760439720258","true","0.04596446514135212","true","3","26"
"28","C4","false","AA_0752 R","Unknown","UNKNOWN","FAM","None","Amp","1.4051969365823853","","","31.723644450375787","0.9633070229589791","31.9463389189908","0.235587235933763","true","0.09264752831052908","true","3","27"
"29","C5","false","AA_0752 R","Unknown","UNKNOWN","FAM","None","Amp","1.3949807392005766","","","31.922383803093787","0.9768167845256823","31.9463389189908","0.235587235933763","true","0.09264752831052908","true","3","27"
"30","C6","false","AA_0752 R","Unknown","UNKNOWN","FAM","None","Amp","1.3983695391524924","","","32.19298850350283","0.9333976642939266","31.9463389189908","0.235587235933763","true","0.09264752831052908","true","3","29"
"31","C7","false","AA_0806 R","Unknown","UNKNOWN","FAM","None","No Amp","0.592363771559093","","","Undetermined","0.0","","","true","0.09264752831052908","true","3","35"
"32","C8","false","AA_0806 R","Unknown","UNKNOWN","FAM","None","No Amp","0.6615436286483176","","","Undetermined","0.0","","","true","0.09264752831052908","true","3","34"
"33","C9","false","AA_0806 R","Unknown","UNKNOWN","FAM","None","No Amp","0.5893464408696859","","","Undetermined","0.0","","","true","0.09264752831052908","true","3","39"
"34","C10","false","AA_0772","Unknown","UNKNOWN","FAM","None","No Amp","0.0","","","Undetermined","0.0","","","true","0.09264752831052908","true","3","39"
"35","C11","false","AA_0772","Unknown","UNKNOWN","FAM","None","No Amp","0.0","","","Undetermined","0.0","","","true","0.09264752831052908","true","3","39"
"36","C12","false","AA_0772","Unknown","UNKNOWN","FAM","None","No Amp","0.0","","","Undetermined","0.0","","","true","0.09264752831052908","true","3","39"
"37","D1","false","1.95x10_3 tyz","Standard Curve","STANDARD","FAM","None","Amp","1.1795879979396906","","","30.62405890465024","0.9690309760301486","30.390669953654747","0.39414107751704547","true","0.04596446514135212","true","3","28"
"38","D2","false","1.95x10_3 tyz","Standard Curve","STANDARD","FAM","None","Amp","1.1748906568009785","","","29.93560528568821","0.9708530409868833","30.390669953654747","0.39414107751704547","true","0.04596446514135212","true","3","27"
"39","D3","false","1.95x10_3 tyz","Standard Curve","STANDARD","FAM","None","Amp","1.1778402374852293","","","30.61234567062578","0.9571407683064331","30.390669953654747","0.39414107751704547","true","0.04596446514135212","true","3","27"
"40","D4","false","AA_0753 R","Unknown","UNKNOWN","FAM","None","No Amp","0.0","","","Undetermined","0.0","","","true","0.09264752831052908","true","3","39"
"41","D5","false","AA_0753 R","Unknown","UNKNOWN","FAM","None","No Amp","0.0","","","Undetermined","0.0","","","true","0.09264752831052908","true","3","39"
"42","D6","false","AA_0753 R","Unknown","UNKNOWN","FAM","None","No Amp","0.0","","","Undetermined","0.0","","","true","0.09264752831052908","true","3","39"
"43","D7","false","AA_0807 R","Unknown","UNKNOWN","FAM","None","No Amp","0.0","","","Undetermined","0.0","","","true","0.09264752831052908","true","3","39"
"44","D8","false","AA_0807 R","Unknown","UNKNOWN","FAM","None","No Amp","0.0","","","Undetermined","0.0","","","true","0.09264752831052908","true","3","39"
"45","D9","false","AA_0807 R","Unknown","UNKNOWN","FAM","None","No Amp","0.0","","","Undetermined","0.0","","","true","0.09264752831052908","true","3","39"
"46","D10","false","AA_0714","Unknown","UNKNOWN","FAM","None","No Amp","0.0","","","Undetermined","0.0","","","true","0.09264752831052908","true","3","39"
"47","D11","false","AA_0714","Unknown","UNKNOWN","FAM","None","Amp","0.9876850974932229","","","36.77359757139535","0.519825671310074","36.40238253775027","0.5249773351381748","true","0.09264752831052908","true","3","33"
"48","D12","false","AA_0714","Unknown","UNKNOWN","FAM","None","Amp","1.0201664744809156","","","36.0311675041052","0.738386641647089","36.40238253775027","0.5249773351381748","true","0.09264752831052908","true","3","31"
"49","E1","false","2.44x10_2 tyz","Standard Curve","STANDARD","FAM","None","Amp","1.2950518784563367","","","33.72877920933689","0.9372288831912391","34.213320385140854","0.6947052568946602","true","0.04596446514135212","true","3","31"
"50","E2","false","2.44x10_2 tyz","Standard Curve","STANDARD","FAM","None","Amp","1.172166867561748","","","35.00924274145875","0.9679926581414778","34.213320385140854","0.6947052568946602","true","0.04596446514135212","true","3","32"
"51","E3","false","2.44x10_2 tyz","Standard Curve","STANDARD","FAM","None","Amp","1.281428287843286","","","33.90193920462691","0.966914925932233","34.213320385140854","0.6947052568946602","true","0.04596446514135212","true","3","29"
"52","E4","false","AA_0754 I R","Unknown","UNKNOWN","FAM","None","No Amp","0.0","","","Undetermined","0.0","","","true","0.09264752831052908","true","3","39"
"53","E5","false","AA_0754 I R","Unknown","UNKNOWN","FAM","None","No Amp","0.0","","","Undetermined","0.0","","","true","0.09264752831052908","true","3","39"
"54","E6","false","AA_0754 I R","Unknown","UNKNOWN","FAM","None","No Amp","0.0","","","Undetermined","0.0","","","true","0.09264752831052908","true","3","39"
"55","E7","false","AA_0815 R","Unknown","UNKNOWN","FAM","None","No Amp","0.0","","","Undetermined","0.0","","","true","0.09264752831052908","true","3","39"
"56","E8","false","AA_0815 R","Unknown","UNKNOWN","FAM","None","No Amp","0.0","","","Undetermined","0.0","","","true","0.09264752831052908","true","3","39"
"57","E9","false","AA_0815 R","Unknown","UNKNOWN","FAM","None","No Amp","0.0","","","Undetermined","0.0","","","true","0.09264752831052908","true","3","39"
"58","E10","false","AA_0721","Unknown","UNKNOWN","FAM","None","No Amp","0.0","","","Undetermined","0.0","","","true","0.09264752831052908","true","3","39"
"59","E11","false","AA_0721","Unknown","UNKNOWN","FAM","None","No Amp","0.0","","","Undetermined","0.0","","","true","0.09264752831052908","true","3","39"
"60","E12","false","AA_0721","Unknown","UNKNOWN","FAM","None","No Amp","0.0","","","Undetermined","0.0","","","true","0.09264752831052908","true","3","39"
"61","F1","false","3x10_1 tyz","Standard Curve","STANDARD","FAM","None","No Amp","0.0","","","Undetermined","0.0","","","true","0.04596446514135212","true","3","39"
"62","F2","false","3x10_1 tyz","Standard Curve","STANDARD","FAM","None","No Amp","0.0","","","Undetermined","0.0","","","true","0.04596446514135212","true","3","39"
"63","F3","false","3x10_1 tyz","Standard Curve","STANDARD","FAM","None","No Amp","0.0","","","Undetermined","0.0","","","true","0.04596446514135212","true","3","39"
"64","F4","false","AA_0754 II R","Unknown","UNKNOWN","FAM","None","No Amp","0.0","","","Undetermined","0.0","","","true","0.09264752831052908","true","3","39"
"65","F5","false","AA_0754 II R","Unknown","UNKNOWN","FAM","None","No Amp","0.0","","","Undetermined","0.0","","","true","0.09264752831052908","true","3","39"
"66","F6","false","AA_0754 II R","Unknown","UNKNOWN","FAM","None","No Amp","0.0","","","Undetermined","0.0","","","true","0.09264752831052908","true","3","39"
"67","F7","false","AA_0820 R","Unknown","UNKNOWN","FAM","None","No Amp","0.0","","","Undetermined","0.0","","","true","0.09264752831052908","true","3","39"
"68","F8","false","AA_0820 R","Unknown","UNKNOWN","FAM","None","No Amp","0.0","","","Undetermined","0.0","","","true","0.09264752831052908","true","3","39"
"69","F9","false","AA_0820 R","Unknown","UNKNOWN","FAM","None","No Amp","0.0","","","Undetermined","0.0","","","true","0.09264752831052908","true","3","39"
"70","F10","false","AA_0737 R","Unknown","UNKNOWN","FAM","None","No Amp","0.5205299308912797","","","Undetermined","0.0","","","true","0.09264752831052908","true","3","39"
"71","F11","false","AA_0737 R","Unknown","UNKNOWN","FAM","None","No Amp","0.0","","","Undetermined","0.0","","","true","0.09264752831052908","true","3","39"
"72","F12","false","AA_0737 R","Unknown","UNKNOWN","FAM","None","No Amp","0.0","","","Undetermined","0.0","","","true","0.09264752831052908","true","3","39"
"73","G1","false","8 tyz","Standard Curve","STANDARD","FAM","None","No Amp","0.0","","","Undetermined","0.0","","","true","0.04596446514135212","true","3","39"
"74","G2","false","8 tyz","Standard Curve","STANDARD","FAM","None","No Amp","0.0","","","Undetermined","0.0","","","true","0.04596446514135212","true","3","39"
"75","G3","false","8 tyz","Standard Curve","STANDARD","FAM","None","No Amp","0.0","","","Undetermined","0.0","","","true","0.04596446514135212","true","3","39"
"76","G4","false","AA_0758 R","Unknown","UNKNOWN","FAM","None","No Amp","0.0","","","Undetermined","0.0","","","true","0.09264752831052908","true","3","39"
"77","G5","false","AA_0758 R","Unknown","UNKNOWN","FAM","None","No Amp","0.0","","","Undetermined","0.0","","","true","0.09264752831052908","true","3","39"
"78","G6","false","AA_0758 R","Unknown","UNKNOWN","FAM","None","No Amp","0.0","","","Undetermined","0.0","","","true","0.09264752831052908","true","3","39"
"79","G7","false","AA_0823 R","Unknown","UNKNOWN","FAM","None","No Amp","0.0","","","Undetermined","0.0","","","true","0.09264752831052908","true","3","39"
"80","G8","false","AA_0823 R","Unknown","UNKNOWN","FAM","None","No Amp","0.0","","","Undetermined","0.0","","","true","0.09264752831052908","true","3","39"
"81","G9","false","AA_0823 R","Unknown","UNKNOWN","FAM","None","No Amp","0.0","","","Undetermined","0.0","","","true","0.09264752831052908","true","3","39"
"82","G10","false","AA_0726 R","Unknown","UNKNOWN","FAM","None","No Amp","0.0","","","Undetermined","0.0","","","true","0.09264752831052908","true","3","39"
"83","G11","false","AA_0726 R","Unknown","UNKNOWN","FAM","None","No Amp","0.0","","","Undetermined","0.0","","","true","0.09264752831052908","true","3","39"
"84","G12","false","AA_0726 R","Unknown","UNKNOWN","FAM","None","No Amp","0.0","","","Undetermined","0.0","","","true","0.09264752831052908","true","3","39"
"85","H1","false","NTC","NTC","NTC","FAM","None","No Amp","0.0","","","Undetermined","0.0","","","true","0.2","true","3","39"
"86","H2","false","NTC","NTC","NTC","FAM","None","No Amp","0.0","","","Undetermined","0.0","","","true","0.2","true","3","39"
"87","H3","false","NTC","NTC","NTC","FAM","None","No Amp","0.0","","","Undetermined","0.0","","","true","0.2","true","3","39"
"88","H4","false","AA_0762 R","Unknown","UNKNOWN","FAM","None","No Amp","0.0","","","Undetermined","0.0","","","true","0.09264752831052908","true","3","39"
"89","H5","false","AA_0762 R","Unknown","UNKNOWN","FAM","None","No Amp","0.0","","","Undetermined","0.0","","","true","0.09264752831052908","true","3","39"
"90","H6","false","AA_0762 R","Unknown","UNKNOWN","FAM","None","No Amp","0.0","","","Undetermined","0.0","","","true","0.09264752831052908","true","3","39"
"91","H7","false","AA_0827 R","Unknown","UNKNOWN","FAM","None","No Amp","0.0","","","Undetermined","0.0","","","true","0.09264752831052908","true","3","39"
"92","H8","false","AA_0827 R","Unknown","UNKNOWN","FAM","None","Amp","1.132080428819365","","","35.90029083063692","0.9353282836473424","35.90029083063692","","true","0.09264752831052908","true","3","30"
"93","H9","false","AA_0827 R","Unknown","UNKNOWN","FAM","None","No Amp","0.0","","","Undetermined","0.0","","","true","0.09264752831052908","true","3","39"
"94","H10","false","AA_683 R","Unknown","UNKNOWN","FAM","None","No Amp","0.0","","","Undetermined","0.0","","","true","0.09264752831052908","true","3","39"
"95","H11","false","AA_683 R","Unknown","UNKNOWN","FAM","None","No Amp","0.0","","","Undetermined","0.0","","","true","0.09264752831052908","true","3","39"
"96","H12","false","AA_683 R","Unknown","UNKNOWN","FAM","None","No Amp","0.0","","","Undetermined","0.0","","","true","0.09264752831052908","true","3","39"
