# File Name: 3_AA_0915-0947.eds
# Comment: 
# Operator: DEFAULT
# Barcode: 
# Instrument Type: QuantStudio™ 1 System
# Block Type: 96-Well 0.2-mL Block
# Instrument Name: 2721220100840
# Instrument Serial Number: 2721220100840
# Heated Cover Serial Number: 
# Block Serial Number: 
# Run Start Date/Time: 2021-10-13 10:49:19 AM UTC
# Run End Date/Time: 2021-10-13 11:50:00 AM UTC
# Run Duration: 60 minutes 41 seconds
# Sample Volume: 20.0
# Cover Temperature: 105.0
# Passive Reference: ROX
# PCR Stage/Step Number: Stage 2 Step 2
# Quantification Cycle Method: CT
# Analysis Date/Time: 2021-10-13 10:54:52 AM UTC
# Software Name and Version: Design & Analysis Software v2.6.1
# Plugin Name and Version: Primary Analysis v1.7.0, Standard Curve v1.6.0
# Exported By: guest
# Exported On: 2021-10-13 11:00:11 AM UTC
"Well","Well Position","Omit","Sample","Target","Task","Reporter","Quencher","Amp Status","Amp Score","Curve Quality","Result Quality Issues","Cq","Cq Confidence","Cq Mean","Cq SD","Auto Threshold","Threshold","Auto Baseline","Baseline Start","Baseline End"
"1","A1","false","AA_0915","Unknown","UNKNOWN","FAM","None","Amp","1.31046563449529","","","34.451348568936254","0.9640910136850509","34.40310313069306","0.08439475549779976","true","0.09469942707454578","true","3","31"
"2","A2","false","AA_0915","Unknown","UNKNOWN","FAM","None","Amp","1.2641671289586718","","","34.45230679169441","0.9761771804475872","34.40310313069306","0.08439475549779976","true","0.09469942707454578","true","3","30"
"3","A3","false","AA_0915","Unknown","UNKNOWN","FAM","None","Amp","1.288574007007287","","","34.305654031448526","0.9813657600139937","34.40310313069306","0.08439475549779976","true","0.09469942707454578","true","3","31"
"4","A4","false","AA_0923","Unknown","UNKNOWN","FAM","None","No Amp","0.0","","","Undetermined","0.0","","","true","0.09469942707454578","true","3","39"
"5","A5","false","AA_0923","Unknown","UNKNOWN","FAM","None","No Amp","0.0","","","Undetermined","0.0","","","true","0.09469942707454578","true","3","39"
"6","A6","false","AA_0923","Unknown","UNKNOWN","FAM","None","No Amp","0.0","","","Undetermined","0.0","","","true","0.09469942707454578","true","3","39"
"7","A7","false","AA_0931","Unknown","UNKNOWN","FAM","None","No Amp","0.0","","","Undetermined","0.0","","","true","0.09469942707454578","true","3","39"
"8","A8","false","AA_0931","Unknown","UNKNOWN","FAM","None","No Amp","0.0","","","Undetermined","0.0","","","true","0.09469942707454578","true","3","39"
"9","A9","false","AA_0931","Unknown","UNKNOWN","FAM","None","No Amp","0.0","","","Undetermined","0.0","","","true","0.09469942707454578","true","3","39"
"10","A10","false","AA_0939","Unknown","UNKNOWN","FAM","None","No Amp","0.0","","","Undetermined","0.0","","","true","0.09469942707454578","true","3","39"
"11","A11","false","AA_0939","Unknown","UNKNOWN","FAM","None","No Amp","0.0","","","Undetermined","0.0","","","true","0.09469942707454578","true","3","39"
"12","A12","false","AA_0939","Unknown","UNKNOWN","FAM","None","No Amp","0.0","","","Undetermined","0.0","","","true","0.09469942707454578","true","3","39"
"13","B1","false","AA_0916","Unknown","UNKNOWN","FAM","None","No Amp","0.0","","","Undetermined","0.0","","","true","0.09469942707454578","true","3","39"
"14","B2","false","AA_0916","Unknown","UNKNOWN","FAM","None","No Amp","0.0","","","Undetermined","0.0","","","true","0.09469942707454578","true","3","39"
"15","B3","false","AA_0916","Unknown","UNKNOWN","FAM","None","No Amp","0.0","","","Undetermined","0.0","","","true","0.09469942707454578","true","3","39"
"16","B4","false","AA_0924","Unknown","UNKNOWN","FAM","None","No Amp","0.0","","","Undetermined","0.0","","","true","0.09469942707454578","true","3","39"
"17","B5","false","AA_0924","Unknown","UNKNOWN","FAM","None","No Amp","0.0","","","Undetermined","0.0","","","true","0.09469942707454578","true","3","39"
"18","B6","false","AA_0924","Unknown","UNKNOWN","FAM","None","No Amp","0.0","","","Undetermined","0.0","","","true","0.09469942707454578","true","3","39"
"19","B7","false","AA_0932","Unknown","UNKNOWN","FAM","None","No Amp","0.0","","","Undetermined","0.0","","","true","0.09469942707454578","true","3","39"
"20","B8","false","AA_0932","Unknown","UNKNOWN","FAM","None","No Amp","0.0","","","Undetermined","0.0","","","true","0.09469942707454578","true","3","39"
"21","B9","false","AA_0932","Unknown","UNKNOWN","FAM","None","No Amp","0.0","","","Undetermined","0.0","","","true","0.09469942707454578","true","3","39"
"22","B10","false","AA_0940","Unknown","UNKNOWN","FAM","None","Amp","1.3591658206461184","","","32.74732822440059","0.9621801195500653","32.510233149345716","0.3336016740956929","true","0.09469942707454578","true","3","28"
"23","B11","false","AA_0940","Unknown","UNKNOWN","FAM","None","Amp","1.357245998539991","","","32.654610545968595","0.9698537733005992","32.510233149345716","0.3336016740956929","true","0.09469942707454578","true","3","27"
"24","B12","false","AA_0940","Unknown","UNKNOWN","FAM","None","Amp","1.3850799893946732","","","32.12876067766797","0.9795427984733273","32.510233149345716","0.3336016740956929","true","0.09469942707454578","true","3","27"
"25","C1","false","AA_0917","Unknown","UNKNOWN","FAM","None","No Amp","0.0","","","Undetermined","0.0","","","true","0.09469942707454578","true","3","39"
"26","C2","false","AA_0917","Unknown","UNKNOWN","FAM","None","No Amp","0.0","","","Undetermined","0.0","","","true","0.09469942707454578","true","3","39"
"27","C3","false","AA_0917","Unknown","UNKNOWN","FAM","None","No Amp","0.0","","","Undetermined","0.0","","","true","0.09469942707454578","true","3","39"
"28","C4","false","AA_0925","Unknown","UNKNOWN","FAM","None","No Amp","0.0","","","Undetermined","0.0","","","true","0.09469942707454578","true","3","39"
"29","C5","false","AA_0925","Unknown","UNKNOWN","FAM","None","No Amp","0.0","","","Undetermined","0.0","","","true","0.09469942707454578","true","3","39"
"30","C6","false","AA_0925","Unknown","UNKNOWN","FAM","None","No Amp","0.0","","","Undetermined","0.0","","","true","0.09469942707454578","true","3","39"
"31","C7","false","AA_0933","Unknown","UNKNOWN","FAM","None","No Amp","0.0","","","Undetermined","0.0","","","true","0.09469942707454578","true","3","39"
"32","C8","false","AA_0933","Unknown","UNKNOWN","FAM","None","No Amp","0.0","","","Undetermined","0.0","","","true","0.09469942707454578","true","3","39"
"33","C9","false","AA_0933","Unknown","UNKNOWN","FAM","None","No Amp","0.0","","","Undetermined","0.0","","","true","0.09469942707454578","true","3","39"
"34","C10","false","AA_0942","Unknown","UNKNOWN","FAM","None","Amp","1.3998497365847509","","","31.340444358070236","0.9563337346427558","31.54415918493846","0.26701515743877474","true","0.09469942707454578","true","3","27"
"35","C11","false","AA_0942","Unknown","UNKNOWN","FAM","None","Amp","1.3872084340820225","","","31.846446876244265","0.9669904531269765","31.54415918493846","0.26701515743877474","true","0.09469942707454578","true","3","28"
"36","C12","false","AA_0942","Unknown","UNKNOWN","FAM","None","Amp","1.4023050900746483","","","31.445586320500873","0.9883299578384347","31.54415918493846","0.26701515743877474","true","0.09469942707454578","true","3","28"
"37","D1","false","AA_0918","Unknown","UNKNOWN","FAM","None","Inconclusive","1.0146551600795126","","","37.34959131832373","0.9512863168970834","37.14848888856603","0.3942691439700734","true","0.09469942707454578","true","3","33"
"38","D2","false","AA_0918","Unknown","UNKNOWN","FAM","None","Amp","0.9947055755040717","","","37.40165580645102","0.9253417781639707","37.14848888856603","0.3942691439700734","true","0.09469942707454578","true","3","33"
"39","D3","false","AA_0918","Unknown","UNKNOWN","FAM","None","Amp","1.0520283558707337","","","36.69421954092334","0.9391387118254921","37.14848888856603","0.3942691439700734","true","0.09469942707454578","true","3","30"
"40","D4","false","AA_0926","Unknown","UNKNOWN","FAM","None","No Amp","0.0","","","Undetermined","0.0","","","true","0.09469942707454578","true","3","21"
"41","D5","false","AA_0926","Unknown","UNKNOWN","FAM","None","No Amp","0.0","","","Undetermined","0.0","","","true","0.09469942707454578","true","3","39"
"42","D6","false","AA_0926","Unknown","UNKNOWN","FAM","None","No Amp","0.0","","","Undetermined","0.0","","","true","0.09469942707454578","true","3","39"
"43","D7","false","AA_0934","Unknown","UNKNOWN","FAM","None","No Amp","0.0","","","Undetermined","0.0","","","true","0.09469942707454578","true","3","39"
"44","D8","false","AA_0934","Unknown","UNKNOWN","FAM","None","No Amp","0.0","","","Undetermined","0.0","","","true","0.09469942707454578","true","3","39"
"45","D9","false","AA_0934","Unknown","UNKNOWN","FAM","None","No Amp","0.0","","","Undetermined","0.0","","","true","0.09469942707454578","true","3","39"
"46","D10","false","AA_0943","Unknown","UNKNOWN","FAM","None","No Amp","0.0","","","Undetermined","0.0","","","true","0.09469942707454578","true","3","39"
"47","D11","false","AA_0943","Unknown","UNKNOWN","FAM","None","Amp","1.1649800104998131","","","36.35057882931275","0.8935231160952272","36.35057882931275","","true","0.09469942707454578","true","3","33"
"48","D12","false","AA_0943","Unknown","UNKNOWN","FAM","None","No Amp","0.0","","","Undetermined","0.0","","","true","0.09469942707454578","true","3","39"
"49","E1","false","AA_0919","Unknown","UNKNOWN","FAM","None","No Amp","0.0","","","Undetermined","0.0","","","true","0.09469942707454578","true","3","39"
"50","E2","false","AA_0919","Unknown","UNKNOWN","FAM","None","No Amp","0.0","","","Undetermined","0.0","","","true","0.09469942707454578","true","3","39"
"51","E3","false","AA_0919","Unknown","UNKNOWN","FAM","None","No Amp","0.0","","","Undetermined","0.0","","","true","0.09469942707454578","true","3","39"
"52","E4","false","AA_0927","Unknown","UNKNOWN","FAM","None","No Amp","0.0","","","Undetermined","0.0","","","true","0.09469942707454578","true","3","39"
"53","E5","false","AA_0927","Unknown","UNKNOWN","FAM","None","No Amp","0.0","","","Undetermined","0.0","","","true","0.09469942707454578","true","3","39"
"54","E6","false","AA_0927","Unknown","UNKNOWN","FAM","None","No Amp","0.0","","","Undetermined","0.0","","","true","0.09469942707454578","true","3","39"
"55","E7","false","AA_0935","Unknown","UNKNOWN","FAM","None","No Amp","0.0","","","Undetermined","0.0","","","true","0.09469942707454578","true","3","39"
"56","E8","false","AA_0935","Unknown","UNKNOWN","FAM","None","No Amp","0.0","","","Undetermined","0.0","","","true","0.09469942707454578","true","3","39"
"57","E9","false","AA_0935","Unknown","UNKNOWN","FAM","None","No Amp","0.0","","","Undetermined","0.0","","","true","0.09469942707454578","true","3","39"
"58","E10","false","AA_0944","Unknown","UNKNOWN","FAM","None","Amp","1.368189541878988","","","32.822530557263335","0.9776478473454614","32.93639603337679","0.2877618183093467","true","0.09469942707454578","true","3","28"
"59","E11","false","AA_0944","Unknown","UNKNOWN","FAM","None","Amp","1.3576206816334386","","","32.72299036482242","0.9758219514405192","32.93639603337679","0.2877618183093467","true","0.09469942707454578","true","3","29"
"60","E12","false","AA_0944","Unknown","UNKNOWN","FAM","None","Amp","1.3506090078270614","","","33.2636671780446","0.9809196539160568","32.93639603337679","0.2877618183093467","true","0.09469942707454578","true","3","29"
"61","F1","false","AA_0920","Unknown","UNKNOWN","FAM","None","No Amp","0.0","","","Undetermined","0.0","","","true","0.09469942707454578","true","3","39"
"62","F2","false","AA_0920","Unknown","UNKNOWN","FAM","None","No Amp","0.0","","","Undetermined","0.0","","","true","0.09469942707454578","true","3","39"
"63","F3","false","AA_0920","Unknown","UNKNOWN","FAM","None","No Amp","0.0","","","Undetermined","0.0","","","true","0.09469942707454578","true","3","39"
"64","F4","false","AA_0928","Unknown","UNKNOWN","FAM","None","No Amp","0.0","","","Undetermined","0.0","","","true","0.09469942707454578","true","3","39"
"65","F5","false","AA_0928","Unknown","UNKNOWN","FAM","None","No Amp","0.0","","","Undetermined","0.0","","","true","0.09469942707454578","true","3","39"
"66","F6","false","AA_0928","Unknown","UNKNOWN","FAM","None","No Amp","0.0","","","Undetermined","0.0","","","true","0.09469942707454578","true","3","39"
"67","F7","false","AA_0936","Unknown","UNKNOWN","FAM","None","No Amp","0.0","","","Undetermined","0.0","","","true","0.09469942707454578","true","3","39"
"68","F8","false","AA_0936","Unknown","UNKNOWN","FAM","None","No Amp","0.7079225064794176","","","Undetermined","0.0","","","true","0.09469942707454578","true","3","36"
"69","F9","false","AA_0936","Unknown","UNKNOWN","FAM","None","No Amp","0.6966052271921901","","","Undetermined","0.0","","","true","0.09469942707454578","true","3","39"
"70","F10","false","AA_0945","Unknown","UNKNOWN","FAM","None","No Amp","0.0","","","Undetermined","0.0","","","true","0.09469942707454578","true","3","39"
"71","F11","false","AA_0945","Unknown","UNKNOWN","FAM","None","No Amp","0.0","","","Undetermined","0.0","","","true","0.09469942707454578","true","3","39"
"72","F12","false","AA_0945","Unknown","UNKNOWN","FAM","None","No Amp","0.0","","","Undetermined","0.0","","","true","0.09469942707454578","true","3","39"
"73","G1","false","AA_0921","Unknown","UNKNOWN","FAM","None","No Amp","0.0","","","Undetermined","0.0","","","true","0.09469942707454578","true","3","39"
"74","G2","false","AA_0921","Unknown","UNKNOWN","FAM","None","No Amp","0.0","","","Undetermined","0.0","","","true","0.09469942707454578","true","3","39"
"75","G3","false","AA_0921","Unknown","UNKNOWN","FAM","None","No Amp","0.0","","","Undetermined","0.0","","","true","0.09469942707454578","true","3","39"
"76","G4","false","AA_0929","Unknown","UNKNOWN","FAM","None","No Amp","0.0","","","Undetermined","0.0","","","true","0.09469942707454578","true","3","39"
"77","G5","false","AA_0929","Unknown","UNKNOWN","FAM","None","No Amp","0.0","","","Undetermined","0.0","","","true","0.09469942707454578","true","3","39"
"78","G6","false","AA_0929","Unknown","UNKNOWN","FAM","None","No Amp","0.0","","","Undetermined","0.0","","","true","0.09469942707454578","true","3","39"
"79","G7","false","AA_0937","Unknown","UNKNOWN","FAM","None","No Amp","0.0","","","Undetermined","0.0","","","true","0.09469942707454578","true","3","39"
"80","G8","false","AA_0937","Unknown","UNKNOWN","FAM","None","No Amp","0.0","","","Undetermined","0.0","","","true","0.09469942707454578","true","3","39"
"81","G9","false","AA_0937","Unknown","UNKNOWN","FAM","None","No Amp","0.0","","","Undetermined","0.0","","","true","0.09469942707454578","true","3","39"
"82","G10","false","AA_0946","Unknown","UNKNOWN","FAM","None","No Amp","0.0","","","Undetermined","0.0","","","true","0.09469942707454578","true","3","39"
"83","G11","false","AA_0946","Unknown","UNKNOWN","FAM","None","No Amp","0.0","","","Undetermined","0.0","","","true","0.09469942707454578","true","3","39"
"84","G12","false","AA_0946","Unknown","UNKNOWN","FAM","None","No Amp","0.3494563186207499","","","Undetermined","0.0","","","true","0.09469942707454578","true","3","39"
"85","H1","false","AA_0922","Unknown","UNKNOWN","FAM","None","Amp","1.0779334240607712","","","36.444296557821986","0.933544949002782","36.24662269049761","0.27955306409616376","true","0.09469942707454578","true","3","32"
"86","H2","false","AA_0922","Unknown","UNKNOWN","FAM","None","No Amp","0.0","","","Undetermined","0.0","","","true","0.09469942707454578","true","3","39"
"87","H3","false","AA_0922","Unknown","UNKNOWN","FAM","None","Amp","1.1941697986644566","","","36.048948823173234","0.9522111440398983","36.24662269049761","0.27955306409616376","true","0.09469942707454578","true","3","31"
"88","H4","false","AA_0930","Unknown","UNKNOWN","FAM","None","No Amp","0.0","","","Undetermined","0.0","","","true","0.09469942707454578","true","3","39"
"89","H5","false","AA_0930","Unknown","UNKNOWN","FAM","None","No Amp","0.0","","","Undetermined","0.0","","","true","0.09469942707454578","true","3","39"
"90","H6","false","AA_0930","Unknown","UNKNOWN","FAM","None","No Amp","0.0","","","Undetermined","0.0","","","true","0.09469942707454578","true","3","39"
"91","H7","false","AA_0938","Unknown","UNKNOWN","FAM","None","No Amp","0.0","","","Undetermined","0.0","","","true","0.09469942707454578","true","3","39"
"92","H8","false","AA_0938","Unknown","UNKNOWN","FAM","None","No Amp","0.0","","","Undetermined","0.0","","","true","0.09469942707454578","true","3","39"
"93","H9","false","AA_0938","Unknown","UNKNOWN","FAM","None","No Amp","0.0","","","Undetermined","0.0","","","true","0.09469942707454578","true","3","39"
"94","H10","false","AA_0947","Unknown","UNKNOWN","FAM","None","Inconclusive","1.0094836859004066","","","37.034414305047534","0.9092693511909088","37.034414305047534","","true","0.09469942707454578","true","3","33"
"95","H11","false","AA_0947","Unknown","UNKNOWN","FAM","None","No Amp","0.0","","","Undetermined","0.0","","","true","0.09469942707454578","true","3","39"
"96","H12","false","AA_0947","Unknown","UNKNOWN","FAM","None","No Amp","0.0","","","Undetermined","0.0","","","true","0.09469942707454578","true","3","39"
