# File Name: Plate7.eds
# Comment: 
# Operator: DEFAULT
# Barcode: 
# Instrument Type: QuantStudio™ 1 System
# Block Type: 96-Well 0.2-mL Block
# Instrument Name: 2721220100840
# Instrument Serial Number: 2721220100840
# Heated Cover Serial Number: 
# Block Serial Number: 
# Run Start Date/Time: 2021-06-18 08:28:39 AM UTC
# Run End Date/Time: 2021-06-18 09:29:26 AM UTC
# Run Duration: 60 minutes 46 seconds
# Sample Volume: 20.0
# Cover Temperature: 105.0
# Passive Reference: ROX
# PCR Stage/Step Number: Stage 2 Step 2
# Quantification Cycle Method: CT
# Analysis Date/Time: 2021-06-29 01:58:54 PM UTC
# Software Name and Version: Design & Analysis Software v2.5.1
# Plugin Name and Version: Primary Analysis v1.6.0, Standard Curve v1.5.1
# Exported By: guest
# Exported On: 2021-06-29 01:59:18 PM UTC
"Well","Well Position","Omit","Sample","Target","Task","Reporter","Quencher","Amp Status","Amp Score","Curve Quality","Result Quality Issues","Cq","Cq Confidence","Cq Mean","Cq SD","Auto Threshold","Threshold","Auto Baseline","Baseline Start","Baseline End"
"1","A1","false","AA_0077","Unknown","UNKNOWN","FAM","None","No Amp","0.0","","","Undetermined","0.0","","","true","0.07032200928716355","true","3","39"
"2","A2","false","AA_0077","Unknown","UNKNOWN","FAM","None","No Amp","0.0","","","Undetermined","0.0","","","true","0.07032200928716355","true","3","39"
"3","A3","false","AA_0077","Unknown","UNKNOWN","FAM","None","No Amp","0.0","","","Undetermined","0.0","","","true","0.07032200928716355","true","3","39"
"4","A4","false","AA_0793","Unknown","UNKNOWN","FAM","None","Amp","1.4146553416854233","","","29.367602494912077","0.9736428941329796","29.01445584140447","0.5295033199387875","true","0.07032200928716355","true","3","26"
"5","A5","false","AA_0793","Unknown","UNKNOWN","FAM","None","Amp","1.4194681524687065","","","29.270131686614405","0.9600974034288237","29.01445584140447","0.5295033199387875","true","0.07032200928716355","true","3","26"
"6","A6","false","AA_0793","Unknown","UNKNOWN","FAM","None","Amp","1.4270457678581916","","","28.405633342686933","0.8746322004055199","29.01445584140447","0.5295033199387875","true","0.07032200928716355","true","3","25"
"7","A7","false","AA_0048","Unknown","UNKNOWN","FAM","None","No Amp","0.0","","","Undetermined","0.0","","","true","0.07032200928716355","true","3","39"
"8","A8","false","AA_0048","Unknown","UNKNOWN","FAM","None","No Amp","0.6378814464534337","","","Undetermined","0.0","","","true","0.07032200928716355","true","3","39"
"9","A9","false","AA_0048","Unknown","UNKNOWN","FAM","None","No Amp","0.0","","","Undetermined","0.0","","","true","0.07032200928716355","true","3","39"
"10","A10","false","AA_0120","Unknown","UNKNOWN","FAM","None","Amp","0.9907409371036269","","","36.032318450318286","0.7019249663116219","35.36763721875473","0.5756545657611336","true","0.07032200928716355","true","3","32"
"11","A11","false","AA_0120","Unknown","UNKNOWN","FAM","None","Amp","1.114520385487488","","","35.0405238763487","0.7807709074525888","35.36763721875473","0.5756545657611336","true","0.07032200928716355","true","3","31"
"12","A12","false","AA_0120","Unknown","UNKNOWN","FAM","None","Amp","1.1843421282696245","","","35.0300693295972","0.8695976239495554","35.36763721875473","0.5756545657611336","true","0.07032200928716355","true","3","32"
"13","B1","false","AA_0075","Unknown","UNKNOWN","FAM","None","No Amp","0.0","","","Undetermined","0.0","","","true","0.07032200928716355","true","3","39"
"14","B2","false","AA_0075","Unknown","UNKNOWN","FAM","None","No Amp","0.0","","","Undetermined","0.0","","","true","0.07032200928716355","true","3","39"
"15","B3","false","AA_0075","Unknown","UNKNOWN","FAM","None","No Amp","0.0","","","Undetermined","0.0","","","true","0.07032200928716355","true","3","39"
"16","B4","false","AA_0523","Unknown","UNKNOWN","FAM","None","Amp","1.4350338682714032","","","24.57472806157528","0.7893708500400207","24.470158180382168","0.2424257576606697","true","0.07032200928716355","true","3","21"
"17","B5","false","AA_0523","Unknown","UNKNOWN","FAM","None","Amp","1.4332223387724046","","","24.642748989784664","0.79329894860342","24.470158180382168","0.2424257576606697","true","0.07032200928716355","true","3","21"
"18","B6","false","AA_0523","Unknown","UNKNOWN","FAM","None","Amp","1.4585969506293053","","","24.192997489786563","0.7112504446802302","24.470158180382168","0.2424257576606697","true","0.07032200928716355","true","3","21"
"19","B7","false","AA_0114","Unknown","UNKNOWN","FAM","None","No Amp","0.0","","","Undetermined","0.0","","","true","0.07032200928716355","true","3","39"
"20","B8","false","AA_0114","Unknown","UNKNOWN","FAM","None","No Amp","0.0","","","Undetermined","0.0","","","true","0.07032200928716355","true","3","39"
"21","B9","false","AA_0114","Unknown","UNKNOWN","FAM","None","No Amp","0.0","","","Undetermined","0.0","","","true","0.07032200928716355","true","3","39"
"22","B10","false","AA_0144","Unknown","UNKNOWN","FAM","None","Amp","1.4500083364863998","","","26.95208184270772","0.9519224908239771","26.499505985758493","0.4614131260273082","true","0.07032200928716355","true","3","24"
"23","B11","false","AA_0144","Unknown","UNKNOWN","FAM","None","Amp","1.4541201244488433","","","26.51669987005488","0.9635965603748273","26.499505985758493","0.4614131260273082","true","0.07032200928716355","true","3","23"
"24","B12","false","AA_0144","Unknown","UNKNOWN","FAM","None","Amp","1.4650201218742143","","","26.029736244512875","0.9074501773231447","26.499505985758493","0.4614131260273082","true","0.07032200928716355","true","3","23"
"25","C1","false","AA_0123","Unknown","UNKNOWN","FAM","None","No Amp","0.0","","","Undetermined","0.0","","","true","0.07032200928716355","true","3","39"
"26","C2","false","AA_0123","Unknown","UNKNOWN","FAM","None","No Amp","0.0","","","Undetermined","0.0","","","true","0.07032200928716355","true","3","39"
"27","C3","false","AA_0123","Unknown","UNKNOWN","FAM","None","No Amp","0.0","","","Undetermined","0.0","","","true","0.07032200928716355","true","3","39"
"28","C4","false","AA_0172","Unknown","UNKNOWN","FAM","None","Amp","1.1570012992315637","","","35.54565304811716","0.7530984217104784","35.22413764178417","0.45469144814763046","true","0.07032200928716355","true","3","31"
"29","C5","false","AA_0172","Unknown","UNKNOWN","FAM","None","Amp","1.2248503794535437","","","34.902622235451176","0.8047006912826951","35.22413764178417","0.45469144814763046","true","0.07032200928716355","true","3","31"
"30","C6","false","AA_0172","Unknown","UNKNOWN","FAM","None","No Amp","0.0","","","Undetermined","0.0","","","true","0.07032200928716355","true","3","39"
"31","C7","false","AA_0325","Unknown","UNKNOWN","FAM","None","Amp","1.3203987196450198","","","31.94857342571366","0.9386975282521931","31.851071217244627","0.21997979582750535","true","0.07032200928716355","true","3","28"
"32","C8","false","AA_0325","Unknown","UNKNOWN","FAM","None","Amp","1.3303477472150789","","","32.00544839779642","0.9517650816262667","31.851071217244627","0.21997979582750535","true","0.07032200928716355","true","3","29"
"33","C9","false","AA_0325","Unknown","UNKNOWN","FAM","None","Amp","1.326702841838247","","","31.599191828223802","0.9431925405524396","31.851071217244627","0.21997979582750535","true","0.07032200928716355","true","3","28"
"34","C10","false","AA_0106","Unknown","UNKNOWN","FAM","None","Amp","1.3085776450711144","","","31.009143576798557","0.9043475027785403","31.309593605841457","0.41143115981582357","true","0.07032200928716355","true","3","28"
"35","C11","false","AA_0106","Unknown","UNKNOWN","FAM","None","Amp","1.2806179342957444","","","31.77852371022454","0.8696735788784047","31.309593605841457","0.41143115981582357","true","0.07032200928716355","true","3","29"
"36","C12","false","AA_0106","Unknown","UNKNOWN","FAM","None","Amp","1.3091248667006186","","","31.141113530501265","0.9032712474802946","31.309593605841457","0.41143115981582357","true","0.07032200928716355","true","3","28"
"37","D1","false","AA_0283","Unknown","UNKNOWN","FAM","None","Amp","1.17441477945209","","","34.47885503077086","0.9643246762939999","34.86121480301778","0.6550821458268259","true","0.07032200928716355","true","3","30"
"38","D2","false","AA_0283","Unknown","UNKNOWN","FAM","None","Amp","1.1788251603071258","","","34.48716608830232","0.9471443616591255","34.86121480301778","0.6550821458268259","true","0.07032200928716355","true","3","30"
"39","D3","false","AA_0283","Unknown","UNKNOWN","FAM","None","Amp","1.0926831509472756","","","35.61762328998017","0.953301911554116","34.86121480301778","0.6550821458268259","true","0.07032200928716355","true","3","32"
"40","D4","false","AA_0110","Unknown","UNKNOWN","FAM","None","No Amp","0.0","","","Undetermined","0.0","","","true","0.07032200928716355","true","3","39"
"41","D5","false","AA_0110","Unknown","UNKNOWN","FAM","None","No Amp","0.4400286654809632","","","Undetermined","0.0","","","true","0.07032200928716355","true","3","39"
"42","D6","false","AA_0110","Unknown","UNKNOWN","FAM","None","No Amp","0.0","","","Undetermined","0.0","","","true","0.07032200928716355","true","3","39"
"43","D7","false","AA_0108","Unknown","UNKNOWN","FAM","None","No Amp","0.0","","","Undetermined","0.0","","","true","0.07032200928716355","true","3","39"
"44","D8","false","AA_0108","Unknown","UNKNOWN","FAM","None","No Amp","0.0","","","Undetermined","0.0","","","true","0.07032200928716355","true","3","39"
"45","D9","false","AA_0108","Unknown","UNKNOWN","FAM","None","No Amp","0.0","","","Undetermined","0.0","","","true","0.07032200928716355","true","3","39"
"46","D10","false","AA_0112","Unknown","UNKNOWN","FAM","None","No Amp","0.5409629879288569","","","Undetermined","0.0","","","true","0.07032200928716355","true","3","39"
"47","D11","false","AA_0112","Unknown","UNKNOWN","FAM","None","No Amp","0.0","","","Undetermined","0.0","","","true","0.07032200928716355","true","3","39"
"48","D12","false","AA_0112","Unknown","UNKNOWN","FAM","None","No Amp","0.0","","","Undetermined","0.0","","","true","0.07032200928716355","true","3","39"
"49","E1","false","AA_0063","Unknown","UNKNOWN","FAM","None","No Amp","0.0","","","Undetermined","0.0","","","true","0.07032200928716355","true","3","39"
"50","E2","false","AA_0063","Unknown","UNKNOWN","FAM","None","No Amp","0.0","","","Undetermined","0.0","","","true","0.07032200928716355","true","3","39"
"51","E3","false","AA_0063","Unknown","UNKNOWN","FAM","None","No Amp","0.0","","","Undetermined","0.0","","","true","0.07032200928716355","true","3","39"
"52","E4","false","AA_0176","Unknown","UNKNOWN","FAM","None","No Amp","0.0","","","Undetermined","0.0","","","true","0.07032200928716355","true","3","39"
"53","E5","false","AA_0176","Unknown","UNKNOWN","FAM","None","No Amp","0.0","","","Undetermined","0.0","","","true","0.07032200928716355","true","3","39"
"54","E6","false","AA_0176","Unknown","UNKNOWN","FAM","None","No Amp","0.0","","","Undetermined","0.0","","","true","0.07032200928716355","true","3","39"
"55","E7","false","AA_0443","Unknown","UNKNOWN","FAM","None","No Amp","0.0","","","Undetermined","0.0","","","true","0.07032200928716355","true","3","39"
"56","E8","false","AA_0443","Unknown","UNKNOWN","FAM","None","No Amp","0.0","","","Undetermined","0.0","","","true","0.07032200928716355","true","3","39"
"57","E9","false","AA_0443","Unknown","UNKNOWN","FAM","None","No Amp","0.0","","","Undetermined","0.0","","","true","0.07032200928716355","true","3","39"
"58","E10","false","AA_0173","Unknown","UNKNOWN","FAM","None","Inconclusive","0.7798734503897816","","","38.17545677026968","0.08542872814703813","38.17545677026968","","true","0.07032200928716355","true","3","31"
"59","E11","false","AA_0173","Unknown","UNKNOWN","FAM","None","No Amp","0.0","","","Undetermined","0.0","","","true","0.07032200928716355","true","3","39"
"60","E12","false","AA_0173","Unknown","UNKNOWN","FAM","None","No Amp","0.0","","","Undetermined","0.0","","","true","0.07032200928716355","true","3","39"
"61","F1","false","AA_0570","Unknown","UNKNOWN","FAM","None","No Amp","0.0","","","Undetermined","0.0","","","true","0.07032200928716355","true","3","39"
"62","F2","false","AA_0570","Unknown","UNKNOWN","FAM","None","No Amp","0.0","","","Undetermined","0.0","","","true","0.07032200928716355","true","3","39"
"63","F3","false","AA_0570","Unknown","UNKNOWN","FAM","None","No Amp","0.0","","","Undetermined","0.0","","","true","0.07032200928716355","true","3","39"
"64","F4","false","AA_0174","Unknown","UNKNOWN","FAM","None","Amp","1.3402533293393426","","","33.236554518422906","0.8884760474645423","34.87195151220976","1.4163018208472804","true","0.07032200928716355","true","3","29"
"65","F5","false","AA_0174","Unknown","UNKNOWN","FAM","None","Amp","1.127304019609739","","","35.69393396407341","0.7925987830641924","34.87195151220976","1.4163018208472804","true","0.07032200928716355","true","3","31"
"66","F6","false","AA_0174","Unknown","UNKNOWN","FAM","None","Amp","1.1338770637088318","","","35.68536605413297","0.7783974251042672","34.87195151220976","1.4163018208472804","true","0.07032200928716355","true","3","33"
"67","F7","false","AA_0059","Unknown","UNKNOWN","FAM","None","No Amp","0.0","","","Undetermined","0.0","","","true","0.07032200928716355","true","3","39"
"68","F8","false","AA_0059","Unknown","UNKNOWN","FAM","None","No Amp","0.0","","","Undetermined","0.0","","","true","0.07032200928716355","true","3","39"
"69","F9","false","AA_0059","Unknown","UNKNOWN","FAM","None","No Amp","0.0","","","Undetermined","0.0","","","true","0.07032200928716355","true","3","39"
"70","F10","false","AA_0179","Unknown","UNKNOWN","FAM","None","No Amp","0.0","","","Undetermined","0.0","","","true","0.07032200928716355","true","3","39"
"71","F11","false","AA_0179","Unknown","UNKNOWN","FAM","None","No Amp","0.0","","","Undetermined","0.0","","","true","0.07032200928716355","true","3","39"
"72","F12","false","AA_0179","Unknown","UNKNOWN","FAM","None","No Amp","0.0","","","Undetermined","0.0","","","true","0.07032200928716355","true","3","39"
"73","G1","false","AA_0159","Unknown","UNKNOWN","FAM","None","No Amp","0.0","","","Undetermined","0.0","","","true","0.07032200928716355","true","3","39"
"74","G2","false","AA_0159","Unknown","UNKNOWN","FAM","None","No Amp","0.0","","","Undetermined","0.0","","","true","0.07032200928716355","true","3","39"
"75","G3","false","AA_0159","Unknown","UNKNOWN","FAM","None","No Amp","0.0","","","Undetermined","0.0","","","true","0.07032200928716355","true","3","39"
"76","G4","false","AA_0351","Unknown","UNKNOWN","FAM","None","No Amp","0.0","","","Undetermined","0.0","","","true","0.07032200928716355","true","3","39"
"77","G5","false","AA_0351","Unknown","UNKNOWN","FAM","None","No Amp","0.7199525793633584","","","Undetermined","0.0","","","true","0.07032200928716355","true","3","39"
"78","G6","false","AA_0351","Unknown","UNKNOWN","FAM","None","Inconclusive","0.7993455377639093","","","39.0283100911623","0.0","39.0283100911623","","true","0.07032200928716355","true","3","34"
"79","G7","false","AA_0185","Unknown","UNKNOWN","FAM","None","No Amp","0.0","","","Undetermined","0.0","","","true","0.07032200928716355","true","3","39"
"80","G8","false","AA_0185","Unknown","UNKNOWN","FAM","None","No Amp","0.0","","","Undetermined","0.0","","","true","0.07032200928716355","true","3","39"
"81","G9","false","AA_0185","Unknown","UNKNOWN","FAM","None","No Amp","0.0","","","Undetermined","0.0","","","true","0.07032200928716355","true","3","39"
"82","G10","false","AA_0689","Unknown","UNKNOWN","FAM","None","Amp","1.4565218449585469","","","26.920116750348193","0.960835339277434","26.718211124553488","0.1810003214525281","true","0.07032200928716355","true","3","24"
"83","G11","false","AA_0689","Unknown","UNKNOWN","FAM","None","Amp","1.4578470251234248","","","26.570496093249822","0.9680980163357402","26.718211124553488","0.1810003214525281","true","0.07032200928716355","true","3","21"
"84","G12","false","AA_0689","Unknown","UNKNOWN","FAM","None","Amp","1.4625689033528775","","","26.664020530062444","0.9645405853618507","26.718211124553488","0.1810003214525281","true","0.07032200928716355","true","3","24"
"85","H1","false","NTC","NTC","NTC","FAM","None","No Amp","0.0","","","Undetermined","0.0","","","true","0.2","true","3","39"
"86","H2","false","NTC","NTC","NTC","FAM","None","No Amp","0.0","","","Undetermined","0.0","","","true","0.2","true","3","39"
"87","H3","false","NTC","NTC","NTC","FAM","None","No Amp","0.0","","","Undetermined","0.0","","","true","0.2","true","3","39"
"88","H4","false","AA_0181","Unknown","UNKNOWN","FAM","None","No Amp","0.0","","","Undetermined","0.0","","","true","0.07032200928716355","true","3","39"
"89","H5","false","AA_0181","Unknown","UNKNOWN","FAM","None","No Amp","0.21382608457283675","","","Undetermined","0.0","","","true","0.07032200928716355","true","3","39"
"90","H6","false","AA_0181","Unknown","UNKNOWN","FAM","None","No Amp","0.0","","","Undetermined","0.0","","","true","0.07032200928716355","true","3","39"
"91","H7","false","AA_0111","Unknown","UNKNOWN","FAM","None","No Amp","0.27950610873033993","","","Undetermined","0.0","","","true","0.07032200928716355","true","3","39"
"92","H8","false","AA_0111","Unknown","UNKNOWN","FAM","None","No Amp","0.0","","","Undetermined","0.0","","","true","0.07032200928716355","true","3","39"
"93","H9","false","AA_0111","Unknown","UNKNOWN","FAM","None","Inconclusive","0.8734553800248697","","","37.51119950464681","0.7125459327220054","37.51119950464681","","true","0.07032200928716355","true","3","32"
"94","H10","false","AA_0109","Unknown","UNKNOWN","FAM","None","No Amp","0.0","","","Undetermined","0.0","","","true","0.07032200928716355","true","3","39"
"95","H11","false","AA_0109","Unknown","UNKNOWN","FAM","None","No Amp","0.0","","","Undetermined","0.0","","","true","0.07032200928716355","true","3","39"
"96","H12","false","AA_0109","Unknown","UNKNOWN","FAM","None","No Amp","0.0","","","Undetermined","0.0","","","true","0.07032200928716355","true","3","39"
