# File Name: Plate2_NQ.eds
# Comment: 
# Operator: DEFAULT
# Barcode: 
# Instrument Type: QuantStudio™ 1 System
# Block Type: 96-Well 0.2-mL Block
# Instrument Name: 2721220100840
# Instrument Serial Number: 2721220100840
# Heated Cover Serial Number: 
# Block Serial Number: 
# Run Start Date/Time: 2021-03-09 11:21:00 AM UTC
# Run End Date/Time: 2021-03-09 12:21:49 PM UTC
# Run Duration: 60 minutes 48 seconds
# Sample Volume: 20.0
# Cover Temperature: 105.0
# Passive Reference: ROX
# PCR Stage/Step Number: Stage 2 Step 2
# Quantification Cycle Method: CT
# Analysis Date/Time: 2021-03-09 02:06:53 PM UTC
# Software Name and Version: Design & Analysis Software v2.5.0
# Plugin Name and Version: Primary Analysis v1.5.0, Standard Curve v1.5.0
# Exported By: guest
# Exported On: 2021-03-09 02:07:34 PM UTC
"Well","Well Position","Sample","Quantity","Target","Dye","Task","Reporter","Quencher","Amp Status","Cq","Cq Mean","Cq Confidence","Cq SD","Quantity Mean","Quantity SD","Auto Threshold","Threshold","Auto Baseline","Baseline Start","Baseline End","Tm1","Tm2","Tm3","Tm4","Y-Intercept","R2","Slope","Efficiency","Standard Deviation","Standard Error","Omit"
"4","A4","AA_0804","","Unknown","FAM","UNKNOWN","FAM","None","Amp","32.52446772853243","32.63316805423298","0.9829446776653243","0.1956350021300794","","","true","0.2114626201603826","true","3","26","","","","","","","","","","","false"
"5","A5","AA_0804","","Unknown","FAM","UNKNOWN","FAM","None","Amp","32.51602118080196","32.63316805423298","0.9807082899543574","0.1956350021300794","","","true","0.2114626201603826","true","3","27","","","","","","","","","","","false"
"6","A6","AA_0804","","Unknown","FAM","UNKNOWN","FAM","None","Amp","32.85901525336456","32.63316805423298","0.9762505246958935","0.1956350021300794","","","true","0.2114626201603826","true","3","26","","","","","","","","","","","false"
"7","A7","AA_0740","","Unknown","FAM","UNKNOWN","FAM","None","No Amp","Undetermined","","0.0","","","","true","0.2114626201603826","true","3","39","","","","","","","","","","","false"
"8","A8","AA_0740","","Unknown","FAM","UNKNOWN","FAM","None","No Amp","Undetermined","","0.0","","","","true","0.2114626201603826","true","3","39","","","","","","","","","","","false"
"9","A9","AA_0740","","Unknown","FAM","UNKNOWN","FAM","None","No Amp","Undetermined","","0.0","","","","true","0.2114626201603826","true","3","39","","","","","","","","","","","false"
"10","A10","AA_0761","","Unknown","FAM","UNKNOWN","FAM","None","No Amp","Undetermined","","0.0","","","","true","0.2114626201603826","true","3","39","","","","","","","","","","","false"
"11","A11","AA_0761","","Unknown","FAM","UNKNOWN","FAM","None","No Amp","Undetermined","","0.0","","","","true","0.2114626201603826","true","3","39","","","","","","","","","","","false"
"12","A12","AA_0761","","Unknown","FAM","UNKNOWN","FAM","None","No Amp","Undetermined","","0.0","","","","true","0.2114626201603826","true","3","39","","","","","","","","","","","false"
"16","B4","AA_0821 II","","Unknown","FAM","UNKNOWN","FAM","None","No Amp","Undetermined","37.96691672079653","0.0","","","","true","0.2114626201603826","true","3","39","","","","","","","","","","","false"
"17","B5","AA_0821 II","","Unknown","FAM","UNKNOWN","FAM","None","Inconclusive","37.96691672079653","37.96691672079653","0.9017316469137335","","","","true","0.2114626201603826","true","3","32","","","","","","","","","","","false"
"18","B6","AA_0821 II","","Unknown","FAM","UNKNOWN","FAM","None","No Amp","Undetermined","37.96691672079653","0.0","","","","true","0.2114626201603826","true","3","39","","","","","","","","","","","false"
"19","B7","AA_0735","","Unknown","FAM","UNKNOWN","FAM","None","No Amp","Undetermined","","0.0","","","","true","0.2114626201603826","true","3","39","","","","","","","","","","","false"
"20","B8","AA_0735","","Unknown","FAM","UNKNOWN","FAM","None","No Amp","Undetermined","","0.0","","","","true","0.2114626201603826","true","3","39","","","","","","","","","","","false"
"21","B9","AA_0735","","Unknown","FAM","UNKNOWN","FAM","None","No Amp","Undetermined","","0.0","","","","true","0.2114626201603826","true","3","39","","","","","","","","","","","false"
"22","B10","AA_0704","","Unknown","FAM","UNKNOWN","FAM","None","No Amp","Undetermined","","0.0","","","","true","0.2114626201603826","true","3","39","","","","","","","","","","","false"
"23","B11","AA_0704","","Unknown","FAM","UNKNOWN","FAM","None","No Amp","Undetermined","","0.0","","","","true","0.2114626201603826","true","3","39","","","","","","","","","","","false"
"24","B12","AA_0704","","Unknown","FAM","UNKNOWN","FAM","None","No Amp","Undetermined","","0.0","","","","true","0.2114626201603826","true","3","9","","","","","","","","","","","false"
"28","C4","AA_0790","","Unknown","FAM","UNKNOWN","FAM","None","No Amp","Undetermined","","0.0","","","","true","0.2114626201603826","true","3","39","","","","","","","","","","","false"
"29","C5","AA_0790","","Unknown","FAM","UNKNOWN","FAM","None","No Amp","Undetermined","","0.0","","","","true","0.2114626201603826","true","3","39","","","","","","","","","","","false"
"30","C6","AA_0790","","Unknown","FAM","UNKNOWN","FAM","None","No Amp","Undetermined","","0.0","","","","true","0.2114626201603826","true","3","39","","","","","","","","","","","false"
"31","C7","AA_0850","","Unknown","FAM","UNKNOWN","FAM","None","No Amp","Undetermined","","0.0","","","","true","0.2114626201603826","true","3","39","","","","","","","","","","","false"
"32","C8","AA_0850","","Unknown","FAM","UNKNOWN","FAM","None","No Amp","Undetermined","","0.0","","","","true","0.2114626201603826","true","3","39","","","","","","","","","","","false"
"33","C9","AA_0850","","Unknown","FAM","UNKNOWN","FAM","None","No Amp","Undetermined","","0.0","","","","true","0.2114626201603826","true","3","39","","","","","","","","","","","false"
"34","C10","AA_0718","","Unknown","FAM","UNKNOWN","FAM","None","No Amp","Undetermined","","0.0","","","","true","0.2114626201603826","true","3","39","","","","","","","","","","","false"
"35","C11","AA_0718","","Unknown","FAM","UNKNOWN","FAM","None","No Amp","Undetermined","","0.0","","","","true","0.2114626201603826","true","3","39","","","","","","","","","","","false"
"36","C12","AA_0718","","Unknown","FAM","UNKNOWN","FAM","None","No Amp","Undetermined","","0.0","","","","true","0.2114626201603826","true","3","39","","","","","","","","","","","false"
"40","D4","AA_0696","","Unknown","FAM","UNKNOWN","FAM","None","No Amp","Undetermined","","0.0","","","","true","0.2114626201603826","true","3","39","","","","","","","","","","","false"
"41","D5","AA_0696","","Unknown","FAM","UNKNOWN","FAM","None","No Amp","Undetermined","","0.0","","","","true","0.2114626201603826","true","3","39","","","","","","","","","","","false"
"42","D6","AA_0696","","Unknown","FAM","UNKNOWN","FAM","None","No Amp","Undetermined","","0.0","","","","true","0.2114626201603826","true","3","39","","","","","","","","","","","false"
"43","D7","AA_0844","","Unknown","FAM","UNKNOWN","FAM","None","No Amp","Undetermined","","0.0","","","","true","0.2114626201603826","true","3","39","","","","","","","","","","","false"
"44","D8","AA_0844","","Unknown","FAM","UNKNOWN","FAM","None","No Amp","Undetermined","","0.0","","","","true","0.2114626201603826","true","3","39","","","","","","","","","","","false"
"45","D9","AA_0844","","Unknown","FAM","UNKNOWN","FAM","None","No Amp","Undetermined","","0.0","","","","true","0.2114626201603826","true","3","39","","","","","","","","","","","false"
"46","D10","AA_0765","","Unknown","FAM","UNKNOWN","FAM","None","No Amp","Undetermined","","0.0","","","","true","0.2114626201603826","true","3","39","","","","","","","","","","","false"
"47","D11","AA_0765","","Unknown","FAM","UNKNOWN","FAM","None","No Amp","Undetermined","","0.0","","","","true","0.2114626201603826","true","3","39","","","","","","","","","","","false"
"48","D12","AA_0765","","Unknown","FAM","UNKNOWN","FAM","None","No Amp","Undetermined","","0.0","","","","true","0.2114626201603826","true","3","39","","","","","","","","","","","false"
"52","E4","AA_0774","","Unknown","FAM","UNKNOWN","FAM","None","No Amp","Undetermined","","0.0","","","","true","0.2114626201603826","true","3","39","","","","","","","","","","","false"
"53","E5","AA_0774","","Unknown","FAM","UNKNOWN","FAM","None","No Amp","Undetermined","","0.0","","","","true","0.2114626201603826","true","3","39","","","","","","","","","","","false"
"54","E6","AA_0774","","Unknown","FAM","UNKNOWN","FAM","None","No Amp","Undetermined","","0.0","","","","true","0.2114626201603826","true","3","39","","","","","","","","","","","false"
"55","E7","AA_0755 I","","Unknown","FAM","UNKNOWN","FAM","None","Amp","34.041141507068104","34.16807787532566","0.9550058308116467","0.4601840212056619","","","true","0.2114626201603826","true","3","28","","","","","","","","","","","false"
"56","E8","AA_0755 I","","Unknown","FAM","UNKNOWN","FAM","None","Amp","34.67840700223532","34.16807787532566","0.9827265899453929","0.4601840212056619","","","true","0.2114626201603826","true","3","29","","","","","","","","","","","false"
"57","E9","AA_0755 I","","Unknown","FAM","UNKNOWN","FAM","None","Amp","33.78468511667354","34.16807787532566","0.979349880240553","0.4601840212056619","","","true","0.2114626201603826","true","3","27","","","","","","","","","","","false"
"58","E10","AA_0743","","Unknown","FAM","UNKNOWN","FAM","None","No Amp","Undetermined","","0.0","","","","true","0.2114626201603826","true","3","39","","","","","","","","","","","false"
"59","E11","AA_0743","","Unknown","FAM","UNKNOWN","FAM","None","No Amp","Undetermined","","0.0","","","","true","0.2114626201603826","true","3","35","","","","","","","","","","","false"
"60","E12","AA_0743","","Unknown","FAM","UNKNOWN","FAM","None","No Amp","Undetermined","","0.0","","","","true","0.2114626201603826","true","3","39","","","","","","","","","","","false"
"64","F4","AA_0720","","Unknown","FAM","UNKNOWN","FAM","None","No Amp","Undetermined","","0.0","","","","true","0.2114626201603826","true","3","39","","","","","","","","","","","false"
"65","F5","AA_0720","","Unknown","FAM","UNKNOWN","FAM","None","No Amp","Undetermined","","0.0","","","","true","0.2114626201603826","true","3","39","","","","","","","","","","","false"
"66","F6","AA_0720","","Unknown","FAM","UNKNOWN","FAM","None","No Amp","Undetermined","","0.0","","","","true","0.2114626201603826","true","3","39","","","","","","","","","","","false"
"67","F7","AA_0821 I","","Unknown","FAM","UNKNOWN","FAM","None","No Amp","Undetermined","","0.0","","","","true","0.2114626201603826","true","3","39","","","","","","","","","","","false"
"68","F8","AA_0821 I","","Unknown","FAM","UNKNOWN","FAM","None","No Amp","Undetermined","","0.0","","","","true","0.2114626201603826","true","3","39","","","","","","","","","","","false"
"69","F9","AA_0821 I","","Unknown","FAM","UNKNOWN","FAM","None","No Amp","Undetermined","","0.0","","","","true","0.2114626201603826","true","3","39","","","","","","","","","","","false"
"70","F10","AA_0709","","Unknown","FAM","UNKNOWN","FAM","None","No Amp","Undetermined","","0.0","","","","true","0.2114626201603826","true","3","39","","","","","","","","","","","false"
"71","F11","AA_0709","","Unknown","FAM","UNKNOWN","FAM","None","No Amp","Undetermined","","0.0","","","","true","0.2114626201603826","true","3","39","","","","","","","","","","","false"
"72","F12","AA_0709","","Unknown","FAM","UNKNOWN","FAM","None","No Amp","Undetermined","","0.0","","","","true","0.2114626201603826","true","3","39","","","","","","","","","","","false"
"76","G4","AA_0739","","Unknown","FAM","UNKNOWN","FAM","None","Amp","33.0280127106511","33.387033457144256","0.9701465753085203","0.41765222694168547","","","true","0.2114626201603826","true","3","27","","","","","","","","","","","false"
"77","G5","AA_0739","","Unknown","FAM","UNKNOWN","FAM","None","Amp","33.845401249801114","33.387033457144256","0.9596232078901686","0.41765222694168547","","","true","0.2114626201603826","true","3","28","","","","","","","","","","","false"
"78","G6","AA_0739","","Unknown","FAM","UNKNOWN","FAM","None","Amp","33.287686410980555","33.387033457144256","0.9565429540987597","0.41765222694168547","","","true","0.2114626201603826","true","3","29","","","","","","","","","","","false"
"79","G7","AA_0768","","Unknown","FAM","UNKNOWN","FAM","None","No Amp","Undetermined","","0.0","","","","true","0.2114626201603826","true","3","39","","","","","","","","","","","false"
"80","G8","AA_0768","","Unknown","FAM","UNKNOWN","FAM","None","No Amp","Undetermined","","0.0","","","","true","0.2114626201603826","true","3","39","","","","","","","","","","","false"
"81","G9","AA_0768","","Unknown","FAM","UNKNOWN","FAM","None","No Amp","Undetermined","","0.0","","","","true","0.2114626201603826","true","3","39","","","","","","","","","","","false"
"82","G10","AA_0764","","Unknown","FAM","UNKNOWN","FAM","None","No Amp","Undetermined","","0.0","","","","true","0.2114626201603826","true","3","39","","","","","","","","","","","false"
"83","G11","AA_0764","","Unknown","FAM","UNKNOWN","FAM","None","No Amp","Undetermined","","0.0","","","","true","0.2114626201603826","true","3","39","","","","","","","","","","","false"
"84","G12","AA_0764","","Unknown","FAM","UNKNOWN","FAM","None","No Amp","Undetermined","","0.0","","","","true","0.2114626201603826","true","3","39","","","","","","","","","","","false"
"88","H4","AA_0851","","Unknown","FAM","UNKNOWN","FAM","None","No Amp","Undetermined","","0.0","","","","true","0.2114626201603826","true","3","39","","","","","","","","","","","false"
"89","H5","AA_0851","","Unknown","FAM","UNKNOWN","FAM","None","No Amp","Undetermined","","0.0","","","","true","0.2114626201603826","true","3","39","","","","","","","","","","","false"
"90","H6","AA_0851","","Unknown","FAM","UNKNOWN","FAM","None","No Amp","Undetermined","","0.0","","","","true","0.2114626201603826","true","3","39","","","","","","","","","","","false"
"91","H7","AA_0703","","Unknown","FAM","UNKNOWN","FAM","None","Amp","34.73285705666976","34.22677294178704","0.9795126708413627","0.4383471000752555","","","true","0.2114626201603826","true","3","28","","","","","","","","","","","false"
"92","H8","AA_0703","","Unknown","FAM","UNKNOWN","FAM","None","Amp","33.9661591182711","34.22677294178704","0.9790135886325442","0.4383471000752555","","","true","0.2114626201603826","true","3","28","","","","","","","","","","","false"
"93","H9","AA_0703","","Unknown","FAM","UNKNOWN","FAM","None","Amp","33.98130265042028","34.22677294178704","0.9697279911800639","0.4383471000752555","","","true","0.2114626201603826","true","3","27","","","","","","","","","","","false"
"94","H10","AA_0783","","Unknown","FAM","UNKNOWN","FAM","None","No Amp","Undetermined","","0.0","","","","true","0.2114626201603826","true","3","39","","","","","","","","","","","false"
"95","H11","AA_0783","","Unknown","FAM","UNKNOWN","FAM","None","No Amp","Undetermined","","0.0","","","","true","0.2114626201603826","true","3","39","","","","","","","","","","","false"
"96","H12","AA_0783","","Unknown","FAM","UNKNOWN","FAM","None","No Amp","Undetermined","","0.0","","","","true","0.2114626201603826","true","3","39","","","","","","","","","","","false"
"85","H1","NTC","","NTC","FAM","NTC","FAM","None","No Amp","Undetermined","","0.0","","","","true","0.2","true","3","39","","","","","","","","","","","false"
"86","H2","NTC","","NTC","FAM","NTC","FAM","None","No Amp","Undetermined","","0.0","","","","true","0.2","true","3","39","","","","","","","","","","","false"
"87","H3","NTC","","NTC","FAM","NTC","FAM","None","No Amp","Undetermined","","0.0","","","","true","0.2","true","3","39","","","","","","","","","","","false"
"1","A1","10_7","1.0E7","Standard Curve","FAM","STANDARD","FAM","None","Amp","19.473872037601744","19.552114254435594","0.7017359796979643","0.0698255131909004","","","true","0.07456161433742176","true","3","16","","","","","27.7311","0.9277600964556817","-1.0832","737.9339479071579","0.6355257874275355","0.06934154826150227","false"
"2","A2","10_7","1.0E7","Standard Curve","FAM","STANDARD","FAM","None","Amp","19.574376569269944","19.552114254435594","0.7216092309459188","0.0698255131909004","","","true","0.07456161433742176","true","3","16","","","","","27.7311","0.9277600964556817","-1.0832","737.9339479071579","0.6355257874275355","0.06934154826150227","false"
"3","A3","10_7","1.0E7","Standard Curve","FAM","STANDARD","FAM","None","Amp","19.608094156435094","19.552114254435594","0.7330651293208341","0.0698255131909004","","","true","0.07456161433742176","true","3","16","","","","","27.7311","0.9277600964556817","-1.0832","737.9339479071579","0.6355257874275355","0.06934154826150227","false"
"13","B1","10_6","1000000.0","Standard Curve","FAM","STANDARD","FAM","None","Amp","21.501371615324018","21.480147458693363","0.9815879448391447","0.15870278472481028","","","true","0.07456161433742176","true","3","17","","","","","27.7311","0.9277600964556817","-1.0832","737.9339479071579","0.6355257874275355","0.06934154826150227","false"
"14","B2","10_6","1000000.0","Standard Curve","FAM","STANDARD","FAM","None","Amp","21.6271701648038","21.480147458693363","0.927363276876874","0.15870278472481028","","","true","0.07456161433742176","true","3","18","","","","","27.7311","0.9277600964556817","-1.0832","737.9339479071579","0.6355257874275355","0.06934154826150227","false"
"15","B3","10_6","1000000.0","Standard Curve","FAM","STANDARD","FAM","None","Amp","21.311900595952267","21.480147458693363","0.9640863378980644","0.15870278472481028","","","true","0.07456161433742176","true","3","17","","","","","27.7311","0.9277600964556817","-1.0832","737.9339479071579","0.6355257874275355","0.06934154826150227","false"
"25","C1","10_5","100000.0","Standard Curve","FAM","STANDARD","FAM","None","Amp","22.895816381451603","22.957089885560404","0.970712645400098","0.07543711407058483","","","true","0.07456161433742176","true","3","18","","","","","27.7311","0.9277600964556817","-1.0832","737.9339479071579","0.6355257874275355","0.06934154826150227","false"
"26","C2","10_5","100000.0","Standard Curve","FAM","STANDARD","FAM","None","Amp","22.934108297002986","22.957089885560404","0.9721361152317141","0.07543711407058483","","","true","0.07456161433742176","true","3","17","","","","","27.7311","0.9277600964556817","-1.0832","737.9339479071579","0.6355257874275355","0.06934154826150227","false"
"27","C3","10_5","100000.0","Standard Curve","FAM","STANDARD","FAM","None","Amp","23.04134497822662","22.957089885560404","0.9662776695725581","0.07543711407058483","","","true","0.07456161433742176","true","3","19","","","","","27.7311","0.9277600964556817","-1.0832","737.9339479071579","0.6355257874275355","0.06934154826150227","false"
"37","D1","10_4","10000.0","Standard Curve","FAM","STANDARD","FAM","None","Amp","23.229376183844444","23.281537278485178","0.9808490381728815","0.04590813899204811","","","true","0.07456161433742176","true","3","19","","","","","27.7311","0.9277600964556817","-1.0832","737.9339479071579","0.6355257874275355","0.06934154826150227","false"
"38","D2","10_4","10000.0","Standard Curve","FAM","STANDARD","FAM","None","Amp","23.31580149123935","23.281537278485178","0.9907435946223766","0.04590813899204811","","","true","0.07456161433742176","true","3","20","","","","","27.7311","0.9277600964556817","-1.0832","737.9339479071579","0.6355257874275355","0.06934154826150227","false"
"39","D3","10_4","10000.0","Standard Curve","FAM","STANDARD","FAM","None","Amp","23.299434160371753","23.281537278485178","0.9847452304078826","0.04590813899204811","","","true","0.07456161433742176","true","3","19","","","","","27.7311","0.9277600964556817","-1.0832","737.9339479071579","0.6355257874275355","0.06934154826150227","false"
"49","E1","10_3","1000.0","Standard Curve","FAM","STANDARD","FAM","None","Amp","24.095082061865234","24.051816511800084","0.991541417657889","0.06639909131561042","","","true","0.07456161433742176","true","3","21","","","","","27.7311","0.9277600964556817","-1.0832","737.9339479071579","0.6355257874275355","0.06934154826150227","false"
"50","E2","10_3","1000.0","Standard Curve","FAM","STANDARD","FAM","None","Amp","24.085000782114818","24.051816511800084","0.9872921388952286","0.06639909131561042","","","true","0.07456161433742176","true","3","21","","","","","27.7311","0.9277600964556817","-1.0832","737.9339479071579","0.6355257874275355","0.06934154826150227","false"
"51","E3","10_3","1000.0","Standard Curve","FAM","STANDARD","FAM","None","Amp","23.9753666914202","24.051816511800084","0.9891463778242566","0.06639909131561042","","","true","0.07456161433742176","true","3","19","","","","","27.7311","0.9277600964556817","-1.0832","737.9339479071579","0.6355257874275355","0.06934154826150227","false"
"61","F1","10_2","100.0","Standard Curve","FAM","STANDARD","FAM","None","Inconclusive","26.64194307794962","26.546276453913794","0.9698486569139124","0.10531708915312314","","","true","0.07456161433742176","true","3","23","","","","","27.7311","0.9277600964556817","-1.0832","737.9339479071579","0.6355257874275355","0.06934154826150227","false"
"62","F2","10_2","100.0","Standard Curve","FAM","STANDARD","FAM","None","Inconclusive","26.563463231496165","26.546276453913794","0.97149093226441","0.10531708915312314","","","true","0.07456161433742176","true","3","22","","","","","27.7311","0.9277600964556817","-1.0832","737.9339479071579","0.6355257874275355","0.06934154826150227","false"
"63","F3","10_2","100.0","Standard Curve","FAM","STANDARD","FAM","None","Inconclusive","26.433423052295602","26.546276453913794","0.9669810477612136","0.10531708915312314","","","true","0.07456161433742176","true","3","22","","","","","27.7311","0.9277600964556817","-1.0832","737.9339479071579","0.6355257874275355","0.06934154826150227","false"
"73","G1","10_1","10.0","Standard Curve","FAM","STANDARD","FAM","None","Amp","25.923833193690157","25.91944203155084","0.9532061460799426","0.021841633976729037","","","true","0.07456161433742176","true","3","23","","","","","27.7311","0.9277600964556817","-1.0832","737.9339479071579","0.6355257874275355","0.06934154826150227","false"
"74","G2","10_1","10.0","Standard Curve","FAM","STANDARD","FAM","None","Amp","25.938754477957808","25.91944203155084","0.9641783153138446","0.021841633976729037","","","true","0.07456161433742176","true","3","22","","","","","27.7311","0.9277600964556817","-1.0832","737.9339479071579","0.6355257874275355","0.06934154826150227","false"
"75","G3","10_1","10.0","Standard Curve","FAM","STANDARD","FAM","None","Amp","25.89573842300456","25.91944203155084","0.93802971277967","0.021841633976729037","","","true","0.07456161433742176","true","3","21","","","","","27.7311","0.9277600964556817","-1.0832","737.9339479071579","0.6355257874275355","0.06934154826150227","false"
